"Name","Location","Type","Namespace","Source","Reference Count","Offcut Ref Count"
"EXP1_BASE_ADDR","1f801000","Data Label","Global","Imported","0","0"
"EXP2_BASE_ADDR","1f801004","Data Label","Global","Imported","0","0"
"EXP1_DELAY_SIZE","1f801008","Data Label","Global","Imported","0","0"
"EXP3_DELAY_SIZE","1f80100c","Data Label","Global","Imported","0","0"
"BIOS_ROM","1f801010","Data Label","Global","Imported","0","0"
"SPU_DELAY","1f801014","Data Label","Global","Imported","5","0"
"CDROM_DELAY","1f801018","Data Label","Global","Imported","8","0"
"EXP2_DELAY_SIZE","1f80101c","Data Label","Global","Imported","0","0"
"COMMON_DELAY","1f801020","Data Label","Global","Imported","11","0"
"JOY_MCD_DATA","1f801040","Data Label","Global","Imported","19","0"
"JOY_MCD_STAT","1f801044","Data Label","Global","Imported","10","0"
"JOY_MCD_MODE","1f801048","Data Label","Global","Imported","1","0"
"JOY_MCD_CTRL","1f80104a","Data Label","Global","Imported","15","0"
"JOY_MCD_BAUD","1f80104e","Data Label","Global","Imported","6","0"
"SIO_DATA","1f801050","Data Label","Global","Imported","0","0"
"SIO_STAT","1f801054","Data Label","Global","Imported","0","0"
"SIO_MODE","1f801058","Data Label","Global","Imported","0","0"
"SIO_CTRL","1f80105a","Data Label","Global","Imported","0","0"
"SIO_MISC","1f80105c","Data Label","Global","Imported","0","0"
"SIO_BAUD","1f80105e","Data Label","Global","Imported","0","0"
"RAM_SIZE","1f801060","Data Label","Global","Imported","0","0"
"I_STAT","1f801070","Data Label","Global","Imported","29","0"
"I_MASK","1f801074","Data Label","Global","Imported","28","0"
"DMA_MDEC_IN_MADR","1f801080","Data Label","Global","Imported","5","0"
"DMA_MDEC_IN_BCR","1f801084","Data Label","Global","Imported","3","0"
"DMA_MDEC_IN_CHCR","1f801088","Data Label","Global","Imported","11","0"
"DMA_MDEC_OUT_MADR","1f801090","Data Label","Global","Imported","4","0"
"DMA_MDEC_OUT_BCR","1f801094","Data Label","Global","Imported","2","0"
"DMA_MDEC_OUT_CHCR","1f801098","Data Label","Global","Imported","13","0"
"DMA_GPU_MADR","1f8010a0","Data Label","Global","Imported","7","0"
"DMA_GPU_BCR","1f8010a4","Data Label","Global","Imported","5","0"
"DMA_GPU_CHCR","1f8010a8","Data Label","Global","Imported","23","0"
"DMA_CDROM_MADR","1f8010b0","Data Label","Global","Imported","5","0"
"DMA_CDROM_BCR","1f8010b4","Data Label","Global","Imported","4","0"
"DMA_CDROM_CHCR","1f8010b8","Data Label","Global","Imported","11","0"
"DMA_SPU_MADR","1f8010c0","Data Label","Global","Imported","3","0"
"DMA_SPU_BCR","1f8010c4","Data Label","Global","Imported","3","0"
"DMA_SPU_CHCR","1f8010c8","Data Label","Global","Imported","3","0"
"DMA_PIO_MADR","1f8010d0","Data Label","Global","Imported","1","0"
"DMA_PIO_BCR","1f8010d4","Data Label","Global","Imported","0","0"
"DMA_PIO_CHCR","1f8010d8","Data Label","Global","Imported","1","0"
"DMA_OTC_MADR","1f8010e0","Data Label","Global","Imported","2","0"
"DMA_OTC_BCR","1f8010e4","Data Label","Global","Imported","2","0"
"DMA_OTC_CHCR","1f8010e8","Data Label","Global","Imported","5","0"
"DMA_DPCR","1f8010f0","Data Label","Global","Imported","39","0"
"DMA_DICR","1f8010f4","Data Label","Global","Imported","17","1"
"TMR_DOTCLOCK_VAL","1f801100","Data Label","Global","Imported","3","0"
"TMR_DOTCLOCK_MODE","1f801104","Data Label","Global","Imported","2","0"
"TMR_DOTCLOCK_MAX","1f801108","Data Label","Global","Imported","1","0"
"TMR_HRETRACE_VAL","1f801110","Data Label","Global","Imported","6","0"
"TMR_HRETRACE_MODE","1f801114","Data Label","Global","Imported","2","0"
"TMR_HRETRACE_MAX","1f801118","Data Label","Global","Imported","0","0"
"TMR_SYSCLOCK_VAL","1f801120","Data Label","Global","Imported","4","0"
"TMR_SYSCLOCK_MODE","1f801124","Data Label","Global","Imported","2","0"
"TMR_SYSCLOCK_MAX","1f801128","Data Label","Global","Imported","5","0"
"CDROM_REG0","1f801800","Data Label","Global","Imported","45","0"
"CDROM_REG1","1f801801","Data Label","Global","Imported","14","0"
"CDROM_REG2","1f801802","Data Label","Global","Imported","21","0"
"CDROM_REG3","1f801803","Data Label","Global","Imported","34","0"
"GPU_REG0","1f801810","Data Label","Global","Imported","17","0"
"GPU_REG1","1f801814","Data Label","Global","Imported","42","0"
"MDEC_REG0","1f801820","Data Label","Global","Imported","2","0"
"MDEC_REG1","1f801824","Data Label","Global","Imported","10","0"
"VOICE_00_LEFT_RIGHT","1f801c00","Data Label","Global","Imported","12","1"
"VOICE_00_ADPCM_SAMPLE_RATE","1f801c04","Data Label","Global","Imported","4","0"
"VOICE_00_ADPCM_START_ADDR","1f801c06","Data Label","Global","Imported","4","0"
"VOICE_00_ADSR_ATT_DEC_SUS_REL","1f801c08","Data Label","Global","Imported","11","0"
"VOICE_00_ADSR_CURR_VOLUME","1f801c0c","Data Label","Global","Imported","1","0"
"VOICE_00_ADPCM_REPEAT_ADDR","1f801c0e","Data Label","Global","Imported","3","0"
"VOICE_01_LEFT_RIGHT","1f801c10","Data Label","Global","Imported","1","1"
"VOICE_01_ADPCM_SAMPLE_RATE","1f801c14","Data Label","Global","Imported","1","0"
"VOICE_01_ADPCM_START_ADDR","1f801c16","Data Label","Global","Imported","1","0"
"VOICE_01_ADSR_ATT_DEC_SUS_REL","1f801c18","Data Label","Global","Imported","1","0"
"VOICE_01_ADSR_CURR_VOLUME","1f801c1c","Data Label","Global","Imported","0","0"
"VOICE_01_ADPCM_REPEAT_ADDR","1f801c1e","Data Label","Global","Imported","0","0"
"VOICE_02_LEFT_RIGHT","1f801c20","Data Label","Global","Imported","0","0"
"VOICE_02_ADPCM_SAMPLE_RATE","1f801c24","Data Label","Global","Imported","0","0"
"VOICE_02_ADPCM_START_ADDR","1f801c26","Data Label","Global","Imported","0","0"
"VOICE_02_ADSR_ATT_DEC_SUS_REL","1f801c28","Data Label","Global","Imported","0","0"
"VOICE_02_ADSR_CURR_VOLUME","1f801c2c","Data Label","Global","Imported","0","0"
"VOICE_02_ADPCM_REPEAT_ADDR","1f801c2e","Data Label","Global","Imported","0","0"
"VOICE_03_LEFT_RIGHT","1f801c30","Data Label","Global","Imported","0","0"
"VOICE_03_ADPCM_SAMPLE_RATE","1f801c34","Data Label","Global","Imported","0","0"
"VOICE_03_ADPCM_START_ADDR","1f801c36","Data Label","Global","Imported","0","0"
"VOICE_03_ADSR_ATT_DEC_SUS_REL","1f801c38","Data Label","Global","Imported","0","0"
"VOICE_03_ADSR_CURR_VOLUME","1f801c3c","Data Label","Global","Imported","0","0"
"VOICE_03_ADPCM_REPEAT_ADDR","1f801c3e","Data Label","Global","Imported","0","0"
"VOICE_04_LEFT_RIGHT","1f801c40","Data Label","Global","Imported","0","0"
"VOICE_04_ADPCM_SAMPLE_RATE","1f801c44","Data Label","Global","Imported","0","0"
"VOICE_04_ADPCM_START_ADDR","1f801c46","Data Label","Global","Imported","0","0"
"VOICE_04_ADSR_ATT_DEC_SUS_REL","1f801c48","Data Label","Global","Imported","0","0"
"VOICE_04_ADSR_CURR_VOLUME","1f801c4c","Data Label","Global","Imported","0","0"
"VOICE_04_ADPCM_REPEAT_ADDR","1f801c4e","Data Label","Global","Imported","0","0"
"VOICE_05_LEFT_RIGHT","1f801c50","Data Label","Global","Imported","0","0"
"VOICE_05_ADPCM_SAMPLE_RATE","1f801c54","Data Label","Global","Imported","0","0"
"VOICE_05_ADPCM_START_ADDR","1f801c56","Data Label","Global","Imported","0","0"
"VOICE_05_ADSR_ATT_DEC_SUS_REL","1f801c58","Data Label","Global","Imported","0","0"
"VOICE_05_ADSR_CURR_VOLUME","1f801c5c","Data Label","Global","Imported","0","0"
"VOICE_05_ADPCM_REPEAT_ADDR","1f801c5e","Data Label","Global","Imported","0","0"
"VOICE_06_LEFT_RIGHT","1f801c60","Data Label","Global","Imported","0","0"
"VOICE_06_ADPCM_SAMPLE_RATE","1f801c64","Data Label","Global","Imported","0","0"
"VOICE_06_ADPCM_START_ADDR","1f801c66","Data Label","Global","Imported","0","0"
"VOICE_06_ADSR_ATT_DEC_SUS_REL","1f801c68","Data Label","Global","Imported","0","0"
"VOICE_06_ADSR_CURR_VOLUME","1f801c6c","Data Label","Global","Imported","0","0"
"VOICE_06_ADPCM_REPEAT_ADDR","1f801c6e","Data Label","Global","Imported","0","0"
"VOICE_07_LEFT_RIGHT","1f801c70","Data Label","Global","Imported","0","0"
"VOICE_07_ADPCM_SAMPLE_RATE","1f801c74","Data Label","Global","Imported","0","0"
"VOICE_07_ADPCM_START_ADDR","1f801c76","Data Label","Global","Imported","0","0"
"VOICE_07_ADSR_ATT_DEC_SUS_REL","1f801c78","Data Label","Global","Imported","0","0"
"VOICE_07_ADSR_CURR_VOLUME","1f801c7c","Data Label","Global","Imported","0","0"
"VOICE_07_ADPCM_REPEAT_ADDR","1f801c7e","Data Label","Global","Imported","0","0"
"VOICE_08_LEFT_RIGHT","1f801c80","Data Label","Global","Imported","0","0"
"VOICE_08_ADPCM_SAMPLE_RATE","1f801c84","Data Label","Global","Imported","0","0"
"VOICE_08_ADPCM_START_ADDR","1f801c86","Data Label","Global","Imported","0","0"
"VOICE_08_ADSR_ATT_DEC_SUS_REL","1f801c88","Data Label","Global","Imported","0","0"
"VOICE_08_ADSR_CURR_VOLUME","1f801c8c","Data Label","Global","Imported","0","0"
"VOICE_08_ADPCM_REPEAT_ADDR","1f801c8e","Data Label","Global","Imported","0","0"
"VOICE_09_LEFT_RIGHT","1f801c90","Data Label","Global","Imported","0","0"
"VOICE_09_ADPCM_SAMPLE_RATE","1f801c94","Data Label","Global","Imported","0","0"
"VOICE_09_ADPCM_START_ADDR","1f801c96","Data Label","Global","Imported","0","0"
"VOICE_09_ADSR_ATT_DEC_SUS_REL","1f801c98","Data Label","Global","Imported","0","0"
"VOICE_09_ADSR_CURR_VOLUME","1f801c9c","Data Label","Global","Imported","0","0"
"VOICE_09_ADPCM_REPEAT_ADDR","1f801c9e","Data Label","Global","Imported","0","0"
"VOICE_0a_LEFT_RIGHT","1f801ca0","Data Label","Global","Imported","0","0"
"VOICE_0a_ADPCM_SAMPLE_RATE","1f801ca4","Data Label","Global","Imported","0","0"
"VOICE_0a_ADPCM_START_ADDR","1f801ca6","Data Label","Global","Imported","0","0"
"VOICE_0a_ADSR_ATT_DEC_SUS_REL","1f801ca8","Data Label","Global","Imported","0","0"
"VOICE_0a_ADSR_CURR_VOLUME","1f801cac","Data Label","Global","Imported","0","0"
"VOICE_0a_ADPCM_REPEAT_ADDR","1f801cae","Data Label","Global","Imported","0","0"
"VOICE_0b_LEFT_RIGHT","1f801cb0","Data Label","Global","Imported","0","0"
"VOICE_0b_ADPCM_SAMPLE_RATE","1f801cb4","Data Label","Global","Imported","0","0"
"VOICE_0b_ADPCM_START_ADDR","1f801cb6","Data Label","Global","Imported","0","0"
"VOICE_0b_ADSR_ATT_DEC_SUS_REL","1f801cb8","Data Label","Global","Imported","0","0"
"VOICE_0b_ADSR_CURR_VOLUME","1f801cbc","Data Label","Global","Imported","0","0"
"VOICE_0b_ADPCM_REPEAT_ADDR","1f801cbe","Data Label","Global","Imported","0","0"
"VOICE_0c_LEFT_RIGHT","1f801cc0","Data Label","Global","Imported","0","0"
"VOICE_0c_ADPCM_SAMPLE_RATE","1f801cc4","Data Label","Global","Imported","0","0"
"VOICE_0c_ADPCM_START_ADDR","1f801cc6","Data Label","Global","Imported","0","0"
"VOICE_0c_ADSR_ATT_DEC_SUS_REL","1f801cc8","Data Label","Global","Imported","0","0"
"VOICE_0c_ADSR_CURR_VOLUME","1f801ccc","Data Label","Global","Imported","0","0"
"VOICE_0c_ADPCM_REPEAT_ADDR","1f801cce","Data Label","Global","Imported","0","0"
"VOICE_0d_LEFT_RIGHT","1f801cd0","Data Label","Global","Imported","0","0"
"VOICE_0d_ADPCM_SAMPLE_RATE","1f801cd4","Data Label","Global","Imported","0","0"
"VOICE_0d_ADPCM_START_ADDR","1f801cd6","Data Label","Global","Imported","0","0"
"VOICE_0d_ADSR_ATT_DEC_SUS_REL","1f801cd8","Data Label","Global","Imported","0","0"
"VOICE_0d_ADSR_CURR_VOLUME","1f801cdc","Data Label","Global","Imported","0","0"
"VOICE_0d_ADPCM_REPEAT_ADDR","1f801cde","Data Label","Global","Imported","0","0"
"VOICE_0e_LEFT_RIGHT","1f801ce0","Data Label","Global","Imported","0","0"
"VOICE_0e_ADPCM_SAMPLE_RATE","1f801ce4","Data Label","Global","Imported","0","0"
"VOICE_0e_ADPCM_START_ADDR","1f801ce6","Data Label","Global","Imported","0","0"
"VOICE_0e_ADSR_ATT_DEC_SUS_REL","1f801ce8","Data Label","Global","Imported","0","0"
"VOICE_0e_ADSR_CURR_VOLUME","1f801cec","Data Label","Global","Imported","0","0"
"VOICE_0e_ADPCM_REPEAT_ADDR","1f801cee","Data Label","Global","Imported","0","0"
"VOICE_0f_LEFT_RIGHT","1f801cf0","Data Label","Global","Imported","0","0"
"VOICE_0f_ADPCM_SAMPLE_RATE","1f801cf4","Data Label","Global","Imported","0","0"
"VOICE_0f_ADPCM_START_ADDR","1f801cf6","Data Label","Global","Imported","0","0"
"VOICE_0f_ADSR_ATT_DEC_SUS_REL","1f801cf8","Data Label","Global","Imported","0","0"
"VOICE_0f_ADSR_CURR_VOLUME","1f801cfc","Data Label","Global","Imported","0","0"
"VOICE_0f_ADPCM_REPEAT_ADDR","1f801cfe","Data Label","Global","Imported","0","0"
"VOICE_10_LEFT_RIGHT","1f801d00","Data Label","Global","Imported","0","0"
"VOICE_10_ADPCM_SAMPLE_RATE","1f801d04","Data Label","Global","Imported","0","0"
"VOICE_10_ADPCM_START_ADDR","1f801d06","Data Label","Global","Imported","0","0"
"VOICE_10_ADSR_ATT_DEC_SUS_REL","1f801d08","Data Label","Global","Imported","0","0"
"VOICE_10_ADSR_CURR_VOLUME","1f801d0c","Data Label","Global","Imported","0","0"
"VOICE_10_ADPCM_REPEAT_ADDR","1f801d0e","Data Label","Global","Imported","0","0"
"VOICE_11_LEFT_RIGHT","1f801d10","Data Label","Global","Imported","0","0"
"VOICE_11_ADPCM_SAMPLE_RATE","1f801d14","Data Label","Global","Imported","0","0"
"VOICE_11_ADPCM_START_ADDR","1f801d16","Data Label","Global","Imported","0","0"
"VOICE_11_ADSR_ATT_DEC_SUS_REL","1f801d18","Data Label","Global","Imported","0","0"
"VOICE_11_ADSR_CURR_VOLUME","1f801d1c","Data Label","Global","Imported","0","0"
"VOICE_11_ADPCM_REPEAT_ADDR","1f801d1e","Data Label","Global","Imported","0","0"
"VOICE_12_LEFT_RIGHT","1f801d20","Data Label","Global","Imported","0","0"
"VOICE_12_ADPCM_SAMPLE_RATE","1f801d24","Data Label","Global","Imported","0","0"
"VOICE_12_ADPCM_START_ADDR","1f801d26","Data Label","Global","Imported","0","0"
"VOICE_12_ADSR_ATT_DEC_SUS_REL","1f801d28","Data Label","Global","Imported","0","0"
"VOICE_12_ADSR_CURR_VOLUME","1f801d2c","Data Label","Global","Imported","0","0"
"VOICE_12_ADPCM_REPEAT_ADDR","1f801d2e","Data Label","Global","Imported","0","0"
"VOICE_13_LEFT_RIGHT","1f801d30","Data Label","Global","Imported","0","0"
"VOICE_13_ADPCM_SAMPLE_RATE","1f801d34","Data Label","Global","Imported","0","0"
"VOICE_13_ADPCM_START_ADDR","1f801d36","Data Label","Global","Imported","0","0"
"VOICE_13_ADSR_ATT_DEC_SUS_REL","1f801d38","Data Label","Global","Imported","0","0"
"VOICE_13_ADSR_CURR_VOLUME","1f801d3c","Data Label","Global","Imported","0","0"
"VOICE_13_ADPCM_REPEAT_ADDR","1f801d3e","Data Label","Global","Imported","0","0"
"VOICE_14_LEFT_RIGHT","1f801d40","Data Label","Global","Imported","0","0"
"VOICE_14_ADPCM_SAMPLE_RATE","1f801d44","Data Label","Global","Imported","0","0"
"VOICE_14_ADPCM_START_ADDR","1f801d46","Data Label","Global","Imported","0","0"
"VOICE_14_ADSR_ATT_DEC_SUS_REL","1f801d48","Data Label","Global","Imported","0","0"
"VOICE_14_ADSR_CURR_VOLUME","1f801d4c","Data Label","Global","Imported","0","0"
"VOICE_14_ADPCM_REPEAT_ADDR","1f801d4e","Data Label","Global","Imported","0","0"
"VOICE_15_LEFT_RIGHT","1f801d50","Data Label","Global","Imported","0","0"
"VOICE_15_ADPCM_SAMPLE_RATE","1f801d54","Data Label","Global","Imported","0","0"
"VOICE_15_ADPCM_START_ADDR","1f801d56","Data Label","Global","Imported","0","0"
"VOICE_15_ADSR_ATT_DEC_SUS_REL","1f801d58","Data Label","Global","Imported","0","0"
"VOICE_15_ADSR_CURR_VOLUME","1f801d5c","Data Label","Global","Imported","0","0"
"VOICE_15_ADPCM_REPEAT_ADDR","1f801d5e","Data Label","Global","Imported","0","0"
"VOICE_16_LEFT_RIGHT","1f801d60","Data Label","Global","Imported","0","0"
"VOICE_16_ADPCM_SAMPLE_RATE","1f801d64","Data Label","Global","Imported","0","0"
"VOICE_16_ADPCM_START_ADDR","1f801d66","Data Label","Global","Imported","0","0"
"VOICE_16_ADSR_ATT_DEC_SUS_REL","1f801d68","Data Label","Global","Imported","0","0"
"VOICE_16_ADSR_CURR_VOLUME","1f801d6c","Data Label","Global","Imported","0","0"
"VOICE_16_ADPCM_REPEAT_ADDR","1f801d6e","Data Label","Global","Imported","0","0"
"VOICE_17_LEFT_RIGHT","1f801d70","Data Label","Global","Imported","0","0"
"VOICE_17_ADPCM_SAMPLE_RATE","1f801d74","Data Label","Global","Imported","0","0"
"VOICE_17_ADPCM_START_ADDR","1f801d76","Data Label","Global","Imported","0","0"
"VOICE_17_ADSR_ATT_DEC_SUS_REL","1f801d78","Data Label","Global","Imported","0","0"
"VOICE_17_ADSR_CURR_VOLUME","1f801d7c","Data Label","Global","Imported","0","0"
"VOICE_17_ADPCM_REPEAT_ADDR","1f801d7e","Data Label","Global","Imported","0","0"
"SPU_MAIN_VOL_L","1f801d80","Data Label","Global","Imported","4","0"
"SPU_MAIN_VOL_R","1f801d82","Data Label","Global","Imported","4","0"
"SPU_REVERB_OUT_L","1f801d84","Data Label","Global","Imported","3","0"
"SPU_REVERB_OUT_R","1f801d86","Data Label","Global","Imported","3","0"
"SPU_VOICE_KEY_ON","1f801d88","Data Label","Global","Imported","2","1"
"SPU_VOICE_KEY_OFF","1f801d8c","Data Label","Global","Imported","3","1"
"SPU_VOICE_CHN_FM_MODE","1f801d90","Data Label","Global","Imported","2","1"
"SPU_VOICE_CHN_NOISE_MODE","1f801d94","Data Label","Global","Imported","2","1"
"SPU_VOICE_CHN_REVERB_MODE","1f801d98","Data Label","Global","Imported","2","1"
"SPU_VOICE_CHN_ON_OFF_STATUS","1f801d9c","Data Label","Global","Imported","0","0"
"SPU_UNKN_1DA0","1f801da0","Data Label","Global","Imported","0","0"
"SOUND_RAM_REVERB_WORK_ADDR","1f801da2","Data Label","Global","Imported","0","0"
"SOUND_RAM_IRQ_ADDR","1f801da4","Data Label","Global","Imported","0","0"
"SOUND_RAM_DATA_TRANSFER_ADDR","1f801da6","Data Label","Global","Imported","7","0"
"SOUND_RAM_DATA_TRANSFER_FIFO","1f801da8","Data Label","Global","Imported","1","0"
"SPU_CTRL_REG_CPUCNT","1f801daa","Data Label","Global","Imported","40","0"
"SOUND_RAM_DATA_TRANSTER_CTRL","1f801dac","Data Label","Global","Imported","1","0"
"SPU_STATUS_REG_SPUSTAT","1f801dae","Data Label","Global","Imported","7","0"
"CD_VOL_L","1f801db0","Data Label","Global","Imported","4","0"
"CD_VOL_R","1f801db2","Data Label","Global","Imported","4","0"
"EXT_VOL_L","1f801db4","Data Label","Global","Imported","1","0"
"EXT_VOL_R","1f801db6","Data Label","Global","Imported","1","0"
"CURR_MAIN_VOL_L","1f801db8","Data Label","Global","Imported","1","0"
"CURR_MAIN_VOL_R","1f801dba","Data Label","Global","Imported","1","0"
"SPU_UNKN_1DBC","1f801dbc","Data Label","Global","Imported","0","0"
"gte_ldv0","20000000","Function","Global","Imported","0","0"
"gte_ldv1","20000004","Function","Global","Imported","0","0"
"gte_ldv2","20000008","Function","Global","Imported","0","0"
"gte_ldv3","2000000c","Function","Global","Imported","0","0"
"gte_ldv3c","20000010","Function","Global","Imported","0","0"
"gte_ldv3c_vertc","20000014","Function","Global","Imported","0","0"
"gte_ldv01","20000018","Function","Global","Imported","0","0"
"gte_ldv01c","2000001c","Function","Global","Imported","0","0"
"gte_ldrgb","20000020","Function","Global","Imported","0","0"
"gte_ldrgb3","20000024","Function","Global","Imported","0","0"
"gte_ldrgb3c","20000028","Function","Global","Imported","0","0"
"gte_ldlv0","2000002c","Function","Global","Imported","0","0"
"gte_ldlvl","20000030","Function","Global","Imported","0","0"
"gte_ldsv","20000034","Function","Global","Imported","0","0"
"gte_ldbv","20000038","Function","Global","Imported","0","0"
"gte_ldcv","2000003c","Function","Global","Imported","0","0"
"gte_ldclmv","20000040","Function","Global","Imported","0","0"
"gte_lddp","20000044","Function","Global","Imported","0","0"
"gte_ldsxy0","20000048","Function","Global","Imported","0","0"
"gte_ldsxy1","2000004c","Function","Global","Imported","0","0"
"gte_ldsxy2","20000050","Function","Global","Imported","0","0"
"gte_ldsxy3","20000054","Function","Global","Imported","0","0"
"gte_ldsxy3c","20000058","Function","Global","Imported","0","0"
"gte_ldsz3","2000005c","Function","Global","Imported","0","0"
"gte_ldsz4","20000060","Function","Global","Imported","0","0"
"gte_ldopv1","20000064","Function","Global","Imported","0","0"
"gte_ldopv2","20000068","Function","Global","Imported","0","0"
"gte_ldopv1SV","2000006c","Function","Global","Imported","0","0"
"gte_ldopv2SV","20000070","Function","Global","Imported","0","0"
"gte_ldlzc","20000074","Function","Global","Imported","0","0"
"gte_SetRGBcd","20000078","Function","Global","Imported","0","0"
"gte_ldbkdir","2000007c","Function","Global","Imported","0","0"
"gte_SetBackColor","20000080","Function","Global","Imported","0","0"
"gte_ldfcdir","20000084","Function","Global","Imported","0","0"
"gte_SetFarColor","20000088","Function","Global","Imported","0","0"
"gte_SetGeomOffset","2000008c","Function","Global","Imported","0","0"
"gte_SetGeomScreen","20000090","Function","Global","Imported","0","0"
"gte_ldsvrtrow0","20000094","Function","Global","Imported","0","0"
"gte_SetRotMatrix","20000098","Function","Global","Imported","0","0"
"gte_ldsvllrow0","2000009c","Function","Global","Imported","0","0"
"gte_SetLightMatrix","200000a0","Function","Global","Imported","0","0"
"gte_ldsvlcrow0","200000a4","Function","Global","Imported","0","0"
"gte_SetColorMatrix","200000a8","Function","Global","Imported","0","0"
"gte_SetTransMatrix","200000ac","Function","Global","Imported","0","0"
"gte_ldtr","200000b0","Function","Global","Imported","0","0"
"gte_SetTransVector","200000b4","Function","Global","Imported","0","0"
"gte_ld_intpol_uv0","200000b8","Function","Global","Imported","0","0"
"gte_ld_intpol_uv1","200000bc","Function","Global","Imported","0","0"
"gte_ld_intpol_bv0","200000c0","Function","Global","Imported","0","0"
"gte_ld_intpol_bv1","200000c4","Function","Global","Imported","0","0"
"gte_ld_intpol_sv0","200000c8","Function","Global","Imported","0","0"
"gte_ldfc","200000cc","Function","Global","Imported","0","0"
"gte_stsxy","200000d0","Function","Global","Imported","0","0"
"gte_stsxy3","200000d4","Function","Global","Imported","0","0"
"gte_stsxy3c","200000d8","Function","Global","Imported","0","0"
"gte_stsxy2","200000dc","Function","Global","Imported","0","0"
"gte_stsxy1","200000e0","Function","Global","Imported","0","0"
"gte_stsxy0","200000e4","Function","Global","Imported","0","0"
"gte_stsxy01","200000e8","Function","Global","Imported","0","0"
"gte_stsxy01c","200000ec","Function","Global","Imported","0","0"
"gte_stsxy3_f3","200000f0","Function","Global","Imported","0","0"
"gte_stsxy3_g3","200000f4","Function","Global","Imported","0","0"
"gte_stsxy3_ft3","200000f8","Function","Global","Imported","0","0"
"gte_stsxy3_gt3","200000fc","Function","Global","Imported","0","0"
"gte_stsxy3_f4","20000100","Function","Global","Imported","0","0"
"gte_stsxy3_g4","20000104","Function","Global","Imported","0","0"
"gte_stsxy3_ft4","20000108","Function","Global","Imported","0","0"
"gte_stsxy3_gt4","2000010c","Function","Global","Imported","0","0"
"gte_stdp","20000110","Function","Global","Imported","0","0"
"gte_stflg","20000114","Function","Global","Imported","0","0"
"gte_stflg_4","20000118","Function","Global","Imported","0","0"
"gte_stsz","2000011c","Function","Global","Imported","0","0"
"gte_stsz3","20000120","Function","Global","Imported","0","0"
"gte_stsz4","20000124","Function","Global","Imported","0","0"
"gte_stsz3c","20000128","Function","Global","Imported","0","0"
"gte_stsz4c","2000012c","Function","Global","Imported","0","0"
"gte_stszotz","20000130","Function","Global","Imported","0","0"
"gte_stotz","20000134","Function","Global","Imported","0","0"
"gte_stopz","20000138","Function","Global","Imported","0","0"
"gte_stlvl","2000013c","Function","Global","Imported","0","0"
"gte_stlvnl","20000140","Function","Global","Imported","0","0"
"gte_stlvnl0","20000144","Function","Global","Imported","0","0"
"gte_stlvnl1","20000148","Function","Global","Imported","0","0"
"gte_stlvnl2","2000014c","Function","Global","Imported","0","0"
"gte_stsv","20000150","Function","Global","Imported","0","0"
"gte_stclmv","20000154","Function","Global","Imported","0","0"
"gte_stbv","20000158","Function","Global","Imported","0","0"
"gte_stcv","2000015c","Function","Global","Imported","0","0"
"gte_strgb","20000160","Function","Global","Imported","0","0"
"gte_strgb3","20000164","Function","Global","Imported","0","0"
"gte_strgb3_g3","20000168","Function","Global","Imported","0","0"
"gte_strgb3_gt3","2000016c","Function","Global","Imported","0","0"
"gte_strgb3_g4","20000170","Function","Global","Imported","0","0"
"gte_strgb3_gt4","20000174","Function","Global","Imported","0","0"
"gte_ReadGeomOffset","20000178","Function","Global","Imported","0","0"
"gte_ReadGeomScreen","2000017c","Function","Global","Imported","0","0"
"gte_ReadRotMatrix","20000180","Function","Global","Imported","0","0"
"gte_sttr","20000184","Function","Global","Imported","0","0"
"gte_ReadLightMatrix","20000188","Function","Global","Imported","0","0"
"gte_ReadColorMatrix","2000018c","Function","Global","Imported","0","0"
"gte_stlzc","20000190","Function","Global","Imported","0","0"
"gte_stfc","20000194","Function","Global","Imported","0","0"
"gte_subdvl","20000198","Function","Global","Imported","0","0"
"gte_subdvd","2000019c","Function","Global","Imported","0","0"
"gte_adddvl","200001a0","Function","Global","Imported","0","0"
"gte_adddvd","200001a4","Function","Global","Imported","0","0"
"gte_RotTransPers","200001a8","Function","Global","Imported","0","0"
"gte_RotTransPers3","200001ac","Function","Global","Imported","0","0"
"gte_RotTrans","200001b0","Function","Global","Imported","0","0"
"gte_LocalLight","200001b4","Function","Global","Imported","0","0"
"gte_LightColor","200001b8","Function","Global","Imported","0","0"
"gte_DpqColorLight","200001bc","Function","Global","Imported","0","0"
"gte_DpqColor","200001c0","Function","Global","Imported","0","0"
"gte_DpqColor3","200001c4","Function","Global","Imported","0","0"
"gte_Intpl","200001c8","Function","Global","Imported","0","0"
"gte_Square12","200001cc","Function","Global","Imported","0","0"
"gte_Square0","200001d0","Function","Global","Imported","0","0"
"gte_NormalColor","200001d4","Function","Global","Imported","0","0"
"gte_NormalColor3","200001d8","Function","Global","Imported","0","0"
"gte_NormalColorDpq","200001dc","Function","Global","Imported","0","0"
"gte_NormalColorDpq3","200001e0","Function","Global","Imported","0","0"
"gte_NormalColorCol","200001e4","Function","Global","Imported","0","0"
"gte_NormalColorCol3","200001e8","Function","Global","Imported","0","0"
"gte_ColorDpq","200001ec","Function","Global","Imported","0","0"
"gte_ColorCol","200001f0","Function","Global","Imported","0","0"
"gte_NormalClip","200001f4","Function","Global","Imported","0","0"
"gte_AverageZ3","200001f8","Function","Global","Imported","0","0"
"gte_AverageZ4","200001fc","Function","Global","Imported","0","0"
"gte_OuterProduct12","20000200","Function","Global","Imported","0","0"
"gte_OuterProduct0","20000204","Function","Global","Imported","0","0"
"gte_OuterProduct12SVL","20000208","Function","Global","Imported","0","0"
"gte_OuterProduct0SVL","2000020c","Function","Global","Imported","0","0"
"gte_OuterProduct12SV","20000210","Function","Global","Imported","0","0"
"gte_OuterProduct0SV","20000214","Function","Global","Imported","0","0"
"gte_Lzc","20000218","Function","Global","Imported","0","0"
"gte_RotAverage3","2000021c","Function","Global","Imported","0","0"
"gte_RotNclip3","20000220","Function","Global","Imported","0","0"
"gte_RotAverageNclip3","20000224","Function","Global","Imported","0","0"
"gte_RotColorDpq","20000228","Function","Global","Imported","0","0"
"gte_RotColorDpq3","2000022c","Function","Global","Imported","0","0"
"gte_RotAverageNclipColorDpq3","20000230","Function","Global","Imported","0","0"
"gte_RotAverageNclipColorCol3","20000234","Function","Global","Imported","0","0"
"gte_LoadAverage12","20000238","Function","Global","Imported","0","0"
"gte_LoadAverage0","2000023c","Function","Global","Imported","0","0"
"gte_LoadAverageShort12","20000240","Function","Global","Imported","0","0"
"gte_LoadAverageShort0","20000244","Function","Global","Imported","0","0"
"gte_LoadAverageByte","20000248","Function","Global","Imported","0","0"
"gte_LoadAverageCol","2000024c","Function","Global","Imported","0","0"
"gte_MulMatrix0","20000250","Function","Global","Imported","0","0"
"gte_ApplyMatrix","20000254","Function","Global","Imported","0","0"
"gte_ApplyMatrixSV","20000258","Function","Global","Imported","0","0"
"gte_CompMatrix","2000025c","Function","Global","Imported","0","0"
"gte_ApplyRotMatrix","20000260","Function","Global","Imported","0","0"
"switchdataD_800102cc","800102cc","Data Label","switchD_8001364c","Analysis","0","0"
"switchdataD_800102ec","800102ec","Data Label","switchD_80013d78","Analysis","1","0"
"switchdataD_80010458","80010458","Data Label","switchD_80015aac","Analysis","1","0"
"switchdataD_80010478","80010478","Data Label","switchD_80015b4c","Analysis","1","0"
"animationData","800104d4","Data Label","Global","User Defined","2","0"
"chapterTitleSpriteLayoutTable","80010510","Data Label","Global","User Defined","1","0"
"chapterTitleTileLayoutTable","80010560","Data Label","Global","User Defined","1","0"
"chapterBackgroundImageIdsTable","800105fc","Data Label","Global","User Defined","1","0"
"chapterLabelImageIdsTable","80010624","Data Label","Global","User Defined","1","0"
"chapterSubtitleImageIdsTable","8001064c","Data Label","Global","User Defined","1","0"
"switchdataD_80010674","80010674","Data Label","switchD_80016610","Analysis","1","0"
"tpageLookup","800106a8","Data Label","Global","User Defined","1","0"
"tilePrimitiveParams","800106d8","Data Label","Global","User Defined","1","0"
"frameDelays","80010704","Data Label","Global","User Defined","1","0"
"frameDelaysEnd","80010734","Data Label","Global","User Defined","2","0"
"menuSelectorLayoutEnd","80010774","Data Label","Global","User Defined","1","0"
"logoAnimationFrameIdTable","8001083c","Data Label","Global","User Defined","1","0"
"gTitleSpritePrimitiveTable","800108cc","Data Label","Global","User Defined","1","0"
"gTitleTilePrimitiveTable","8001092c","Data Label","Global","User Defined","1","0"
"switchdataD_80010a68","80010a68","Data Label","switchD_80019624","Analysis","1","0"
"switchdataD_80010b5c","80010b5c","Data Label","switchD_8001bb74","Analysis","1","0"
"switchdataD_80010b7c","80010b7c","Data Label","switchD_8001bbf4","Analysis","1","0"
"switchdataD_80010bbc","80010bbc","Data Label","switchD_8001bde8","Analysis","1","0"
"switchdataD_80011444","80011444","Data Label","switchD_800200fc","Analysis","1","0"
"switchdataD_80011474","80011474","Data Label","switchD_800204a4","Analysis","1","0"
"switchdataD_8001148c","8001148c","Data Label","switchD_800206b4","Analysis","1","0"
"switchdataD_800114b4","800114b4","Data Label","switchD_80020a50","Analysis","1","0"
"switchdataD_800114cc","800114cc","Data Label","switchD_80021004","Analysis","1","0"
"switchdataD_80011524","80011524","Data Label","switchD_80021110","Analysis","1","0"
"switchdataD_8001157c","8001157c","Data Label","switchD_8002625c","Analysis","1","0"
"switchdataD_800115a4","800115a4","Data Label","switchD_80026424","Analysis","1","0"
"switchdataD_800119cc","800119cc","Data Label","switchD_8002ca04","Analysis","1","0"
"switchdataD_80011dcc","80011dcc","Data Label","switchD_8002dd68","Analysis","1","0"
"switchdataD_80011df4","80011df4","Data Label","switchD_80034a90","Analysis","1","0"
"switchdataD_8001219c","8001219c","Data Label","switchD_8003a898","Analysis","1","0"
"switchdataD_80012324","80012324","Data Label","switchD_8003f2c8","Analysis","1","0"
"main","800127b8","Function","Global","User Defined","1","0"
"resetToReleaseMode","800127f8","Function","Global","User Defined","5","0"
"updateSystemPerFrame","8001285c","Function","Global","User Defined","1","0"
"displaySystemDebugPanel","8001288c","Function","Global","User Defined","1","0"
"getDebugLockState","800128c4","Function","Global","User Defined","7","0"
"lockoutDebug","800128d0","Function","Global","User Defined","2","0"
"getDebugScriptBuildDateString","800128dc","Function","Global","User Defined","1","0"
"intToAscii","80012b20","Function","Global","User Defined","41","0"
"reportIssue","80012bdc","Function","Global","User Defined","44","0"
"decompressLZSS","80012f5c","Function","Global","User Defined","2","0"
"checkAndUnpackAmpack","8001327c","Function","Global","User Defined","40","0"
"readLittleEndian32","800132f8","Function","Global","User Defined","1","0"
"loadProgdata","80013324","Function","Global","User Defined","18","0"
"runNameEntryScreen","800133b8","Function","Global","User Defined","1","0"
"switchD","8001364c","Instruction Label","switchD_8001364c","Analysis","0","0"
"caseD_0","80013654","Instruction Label","switchD_8001364c","Analysis","2","0"
"caseD_1","800137b4","Instruction Label","switchD_8001364c","Analysis","2","0"
"caseD_2","8001397c","Instruction Label","switchD_8001364c","Analysis","2","0"
"caseD_3","80013a4c","Instruction Label","switchD_8001364c","Analysis","2","0"
"caseD_4","80013a70","Instruction Label","switchD_8001364c","Analysis","2","0"
"caseD_5","80013ad4","Instruction Label","switchD_8001364c","Analysis","2","0"
"caseD_6","80013b78","Instruction Label","switchD_8001364c","Analysis","2","0"
"caseD_7","80013b94","Instruction Label","switchD_8001364c","Analysis","12","0"
"FUN_80013ce4","80013ce4","Function","Global","Default","1","0"
"switchD","80013d78","Instruction Label","switchD_80013d78","Analysis","0","0"
"caseD_0","80013d80","Instruction Label","switchD_80013d78","Analysis","2","0"
"caseD_1","80013e68","Instruction Label","switchD_80013d78","Analysis","2","0"
"caseD_2","80013e78","Instruction Label","switchD_80013d78","Analysis","2","0"
"caseD_3","80013e88","Instruction Label","switchD_80013d78","Analysis","2","0"
"caseD_4","80013e98","Instruction Label","switchD_80013d78","Analysis","2","0"
"caseD_5","80013ea8","Instruction Label","switchD_80013d78","Analysis","2","0"
"caseD_6","80013ecc","Instruction Label","switchD_80013d78","Analysis","3","0"
"caseD_7","80013ecc","Instruction Label","switchD_80013d78","Analysis","0","0"
"caseD_8","80013edc","Instruction Label","switchD_80013d78","Analysis","2","0"
"caseD_9","80013ee4","Instruction Label","switchD_80013d78","Analysis","12","0"
"FUN_800141e8","800141e8","Function","Global","Default","2","0"
"loadTextGraphics","80014350","Function","Global","User Defined","1","0"
"FUN_80014530","80014530","Function","Global","Default","1","0"
"initDrawEnvEffects","80014654","Function","Global","User Defined","2","0"
"renderNameEntryScreen","8001479c","Function","Global","User Defined","1","0"
"set_draw_page_by_mode","80014b5c","Instruction Label","Global","User Defined","2","0"
"draw_final_state_page","80014bd0","Instruction Label","Global","User Defined","1","0"
"initNameEntryScreen","80014edc","Function","Global","User Defined","1","0"
"getEnteredNameLength","80014f5c","Function","Global","User Defined","2","0"
"computeNameLength","80014fd0","Instruction Label","Global","User Defined","3","0"
"drawNameEntryTitle","80014ffc","Function","Global","User Defined","1","0"
"copyNameBuffer","800150e0","Function","Global","User Defined","3","0"
"skip_slot_assignment_init","80015154","Instruction Label","Global","User Defined","3","0"
"writeNameToGameBuffer","80015178","Function","Global","User Defined","1","0"
"copyCharacterLoopStart","800151e8","Instruction Label","Global","User Defined","3","0"
"loadNameFont","8001520c","Function","Global","User Defined","1","0"
"drawNameFontGlyph","80015248","Function","Global","User Defined","8","0"
"deleteGlyphFromNameBuffer","80015308","Function","Global","User Defined","2","0"
"initializeNameBuffers","800153ec","Function","Global","User Defined","2","0"
"initNameEntryBuffers","80015454","Function","Global","User Defined","1","0"
"loadDefaultNameIfEmpty","80015494","Function","Global","User Defined","6","0"
"setNameEntryColor","80015588","Function","Global","User Defined","6","0"
"drawNameBufferPreview","800155f8","Function","Global","User Defined","4","0"
"writeNameGlyphAndMetadata","80015654","Function","Global","User Defined","5","0"
"FUN_800156f8","800156f8","Function","Global","Default","1","0"
"handleNameConfirmOrCancel","80015798","Function","Global","User Defined","2","0"
"FUN_80015800","80015800","Function","Global","Default","2","0"
"FUN_80015868","80015868","Function","Global","Default","2","0"
"getEnteredNameLength","800158e8","Function","Global","User Defined","5","0"
"startVibrationEffect","80015934","Function","Global","User Defined","8","0"
"displayPadDebugPanel","80015a60","Function","Global","User Defined","1","0"
"switchD","80015aac","Instruction Label","switchD_80015aac","Analysis","0","0"
"caseD_0","80015ab4","Instruction Label","switchD_80015aac","Analysis","2","0"
"caseD_1","80015ac0","Instruction Label","switchD_80015aac","Analysis","2","0"
"caseD_2","80015acc","Instruction Label","switchD_80015aac","Analysis","2","0"
"caseD_4","80015ad8","Instruction Label","switchD_80015aac","Analysis","2","0"
"caseD_5","80015ae4","Instruction Label","switchD_80015aac","Analysis","2","0"
"caseD_6","80015af0","Instruction Label","switchD_80015aac","Analysis","2","0"
"caseD_3","80015afc","Instruction Label","switchD_80015aac","Analysis","3","0"
"switchD","80015b4c","Instruction Label","switchD_80015b4c","Analysis","0","0"
"caseD_1","80015b54","Instruction Label","switchD_80015b4c","Analysis","2","0"
"caseD_2","80015b60","Instruction Label","switchD_80015b4c","Analysis","2","0"
"caseD_3","80015b6c","Instruction Label","switchD_80015b4c","Analysis","2","0"
"caseD_4","80015b78","Instruction Label","switchD_80015b4c","Analysis","2","0"
"caseD_5","80015b84","Instruction Label","switchD_80015b4c","Analysis","2","0"
"caseD_6","80015b90","Instruction Label","switchD_80015b4c","Analysis","2","0"
"caseD_7","80015b9c","Instruction Label","switchD_80015b4c","Analysis","2","0"
"caseD_7","80015ba8","Instruction Label","switchD_80015b4c","Analysis","2","0"
"doVibeEffect3","80015d20","Function","Global","User Defined","3","0"
"beginTaiwaVibration","80015d44","Function","Global","User Defined","6","0"
"cancelVibrationEffect","80015d68","Function","Global","User Defined","11","0"
"resetMovieIRQSystem","80015d88","Function","Global","User Defined","1","0"
"getRawControllerInput","80015dbc","Function","Global","User Defined","5","0"
"setVibrationMode","80015e70","Function","Global","User Defined","4","0"
"setVibrationMode","80015ebc","Function","Global","User Defined","3","0"
"isVibrationEnabled","80015ee4","Function","Global","User Defined","1","0"
"stopVibrationEffect","80015ef0","Function","Global","User Defined","4","0"
"getMovieBuffer","80015f10","Function","Global","User Defined","2","0"
"getNextInterpolatedByte","80015f30","Function","Global","User Defined","2","0"
"loadVibrationVIBFile","80016014","Function","Global","User Defined","3","0"
"resetVibrationSystem","80016040","Function","Global","User Defined","1","0"
"updateVibrationAndInput","80016080","Function","Global","User Defined","3","0"
"isVibrationActive","80016178","Function","Global","User Defined","1","0"
"displayChapterTitle","800164a4","Function","Global","User Defined","1","0"
"switchD","80016610","Instruction Label","switchD_80016610","Analysis","0","0"
"caseD_0","80016618","Instruction Label","switchD_80016610","Analysis","2","0"
"caseD_1","80016628","Instruction Label","switchD_80016610","Analysis","2","0"
"caseD_2","80016638","Instruction Label","switchD_80016610","Analysis","2","0"
"caseD_3","80016648","Instruction Label","switchD_80016610","Analysis","2","0"
"caseD_4","80016658","Instruction Label","switchD_80016610","Analysis","2","0"
"caseD_5","80016660","Instruction Label","switchD_80016610","Analysis","6","0"
"runChapterTitleFadeIn","80016724","Function","Global","User Defined","1","0"
"drawLogoLines","80016834","Function","Global","User Defined","1","0"
"animateChapterTitleLogoEffect","80016944","Function","Global","User Defined","1","0"
"setSemiTransAndAdvance","80016c40","Instruction Label","Global","User Defined","3","0"
"skipInterpolation","80016c48","Instruction Label","Global","User Defined","2","0"
"FUN_80016cdc","80016cdc","Function","Global","Default","1","0"
"initChapterTitlePrimitives","80016e54","Function","Global","User Defined","2","0"
"loadChapterTitleTextures","80017088","Function","Global","User Defined","1","0"
"fadeInLogo","800172fc","Function","Global","User Defined","1","0"
"fadeOutChapterTitleLogoEffect","80017394","Function","Global","User Defined","1","0"
"FUN_800173e4","800173e4","Function","Global","Default","1","0"
"FUN_800174b0","800174b0","Function","Global","Default","1","0"
"FUN_80017518","80017518","Function","Global","Default","1","0"
"submitChapterTitleDrawPrimitives","800175d8","Function","Global","User Defined","1","0"
"ShowSquaresoftLogo","800176a0","Function","Global","User Defined","1","0"
"loadSquaresoftLogo","8001782c","Function","Global","User Defined","1","0"
"setFadePrimitiveColor","8001788c","Function","Global","User Defined","1","0"
"initFadeInPrimitives","800178a8","Function","Global","User Defined","2","0"
"enqueueFadeInPrimitives","800179d4","Function","Global","User Defined","1","0"
"goToTitleScreen","80017a68","Function","Global","User Defined","1","0"
"FUN_80017cb0","80017cb0","Function","Global","Default","1","0"
"fadeInCharactersOnTitleScreen","80017e48","Function","Global","User Defined","1","0"
"updateTitleScreenMenuState","80018060","Function","Global","User Defined","1","0"
"resetMenuSelectionToZero","80018244","Instruction Label","Global","User Defined","1","0"
"applyMenuSelectionUpdate","80018260","Instruction Label","Global","User Defined","3","0"
"titleFadeOutAfterSelection","800184a0","Function","Global","User Defined","1","0"
"loadTitleAnimationAssets","800186e8","Function","Global","User Defined","2","0"
"gTitleTilePrimitiveTable","800189f4","Function","Global","User Defined","4","0"
"titleScreenFadeIn","80018bf0","Function","Global","User Defined","1","0"
"fadeInCharacterOverlay","80018c94","Function","Global","User Defined","1","0"
"animateTitleScreenIdleLoop","80018db8","Function","Global","User Defined","1","0"
"drawTitleScreenDebugOverlay","80018ea4","Function","Global","User Defined","2","0"
"loadDebugTitleScreen","80018f38","Function","Global","User Defined","5","0"
"displayEndTitle","80018f40","Function","Global","User Defined","2","0"
"animateEndTitleFadeIn","80019110","Function","Global","User Defined","1","0"
"initEndTitlePrimitives","80019264","Function","Global","User Defined","2","0"
"animateEndTitleFadeOut","800193c0","Function","Global","User Defined","1","0"
"loadChapterEndGraphic","80019460","Function","Global","User Defined","1","0"
"getCdFileSectorInfo","800194e4","Function","Global","User Defined","5","0"
"ProcessCdReadStateMachine","800195f0","Function","Global","User Defined","2","0"
"switchD","80019624","Instruction Label","switchD_80019624","Analysis","0","0"
"caseD_1","8001962c","Instruction Label","switchD_80019624","Analysis","2","0"
"caseD_2","80019674","Instruction Label","switchD_80019624","Analysis","2","0"
"caseD_3","800196dc","Instruction Label","switchD_80019624","Analysis","2","0"
"caseD_4","80019744","Instruction Label","switchD_80019624","Analysis","2","0"
"caseD_5","80019774","Instruction Label","switchD_80019624","Analysis","2","0"
"caseD_0","80019808","Instruction Label","switchD_80019624","Analysis","8","0"
"displayCdFileDebugStatus","80019818","Function","Global","User Defined","1","0"
"loadRawSectorData","80019a60","Function","Global","User Defined","3","0"
"loadCdPosTablefromCd","80019a7c","Function","Global","User Defined","1","0"
"loadByFileIdGroupId","80019ab8","Function","Global","User Defined","65","0"
"loadFileFromGroupByIndex","80019bbc","Function","Global","User Defined","5","0"
"WaitForCdIdle","80019c58","Function","Global","User Defined","12","0"
"getFilename","80019cb0","Function","Global","User Defined","2","0"
"getFileCountInGroup","80019cbc","Function","Global","User Defined","5","0"
"isDebugDisabled","80019cec","Function","Global","User Defined","5","0"
"loadScriptByFilename","80019cf4","Function","Global","User Defined","6","0"
"seekToCdFileEntry","80019cfc","Function","Global","User Defined","1","0"
"seekCdToFileStart","80019d64","Function","Global","User Defined","1","0"
"playCdAudioTrack","80019dc0","Function","Global","User Defined","1","0"
"getSectorForMovieId","80019e94","Function","Global","User Defined","8","0"
"updateCdTransferState","8001a248","Function","Global","User Defined","1","0"
"debugOnConroller2L2Press","8001a2a4","Function","Global","User Defined","1","0"
"startPlayMovie","8001a2ac","Function","Global","User Defined","3","0"
"playScriptedMovieCutscene","8001a36c","Function","Global","User Defined","7","0"
"checkInputCancelCondition","8001a6c0","Instruction Label","Global","User Defined","1","0"
"updateMoviePlaybackFrame","8001a9d0","Function","Global","User Defined","1","0"
"displayMovieDebugPanel","8001abc8","Function","Global","User Defined","1","0"
"skipMovieDecoderStatusCheck","8001ac44","Instruction Label","Global","User Defined","1","0"
"initMoviePlaybackContext","8001b060","Function","Global","User Defined","1","0"
"setupMovieStream","8001b120","Function","Global","User Defined","1","0"
"processNextVideoBlock","8001b1c4","Function","Global","User Defined","2","0"
"waitForFrameReadyOrFallback","8001b2cc","Function","Global","User Defined","1","0"
"getNextMdecBitstream","8001b360","Function","Global","User Defined","1","0"
"seekCdAndBeginStream","8001b3e4","Function","Global","User Defined","2","0"
"playMovieSegmentById","8001b46c","Function","Global","User Defined","5","0"
"setupMovieDecoder","8001b550","Function","Global","User Defined","1","0"
"setCdAudioMonoStereo","8001b6a4","Function","Global","User Defined","2","0"
"playTitleScreenCutscene","8001b6e0","Function","Global","User Defined","1","0"
"startScriptedMovieWithFade","8001b770","Function","Global","User Defined","2","0"
"stub_stopXAPlayback","8001b854","Function","Global","User Defined","1","0"
"stub_resetStreamRing","8001b85c","Function","Global","User Defined","1","0"
"stopScriptedMovieDecoder","8001b864","Function","Global","User Defined","2","0"
"isMovieDecoderActive","8001b884","Function","Global","User Defined","4","0"
"getCurrentMovieFrame","8001b890","Function","Global","User Defined","3","0"
"playDefaultMovieSegment","8001b8a0","Function","Global","User Defined","1","0"
"playMovieSegmentUsingOffsetOrDefault","8001b8e0","Function","Global","User Defined","1","0"
"loopMovieById","8001b92c","Function","Global","User Defined","1","0"
"shutdownMovieDecoder","8001b96c","Function","Global","User Defined","3","0"
"resetMovieDecoderState","8001b9b8","Function","Global","User Defined","1","0"
"SetCdBusyStatus","8001bb3c","Function","Global","User Defined","12","0"
"switchD","8001bb74","Instruction Label","switchD_8001bb74","Analysis","0","0"
"caseD_1","8001bb7c","Instruction Label","switchD_8001bb74","Analysis","2","0"
"caseD_2","8001bb88","Instruction Label","switchD_8001bb74","Analysis","2","0"
"caseD_3","8001bb94","Instruction Label","switchD_8001bb74","Analysis","2","0"
"caseD_4","8001bba0","Instruction Label","switchD_8001bb74","Analysis","2","0"
"caseD_5","8001bbac","Instruction Label","switchD_8001bb74","Analysis","2","0"
"caseD_6","8001bbb8","Instruction Label","switchD_8001bb74","Analysis","2","0"
"caseD_7","8001bbc4","Instruction Label","switchD_8001bb74","Analysis","2","0"
"caseD_7","8001bbcc","Instruction Label","switchD_8001bb74","Analysis","8","0"
"switchD","8001bbf4","Instruction Label","switchD_8001bbf4","Analysis","0","0"
"caseD_1","8001bbfc","Instruction Label","switchD_8001bbf4","Analysis","2","0"
"caseD_2","8001bc14","Instruction Label","switchD_8001bbf4","Analysis","2","0"
"caseD_3","8001bc48","Instruction Label","switchD_8001bbf4","Analysis","2","0"
"caseD_4","8001bc60","Instruction Label","switchD_8001bbf4","Analysis","2","0"
"caseD_6","8001bc70","Instruction Label","switchD_8001bbf4","Analysis","2","0"
"caseD_7","8001bc94","Instruction Label","switchD_8001bbf4","Analysis","2","0"
"caseD_0","8001bcac","Instruction Label","switchD_8001bbf4","Analysis","7","0"
"caseD_5","8001bcac","Instruction Label","switchD_8001bbf4","Analysis","0","0"
"resetCdTransferReadyFlag","8001bcc4","Function","Global","User Defined","1","0"
"clearCdTransferReadyFlag","8001bcd0","Function","Global","User Defined","5","0"
"isCdTransferReady","8001bcdc","Function","Global","User Defined","1","0"
"displayCdControlStatusToDebugScreen","8001bda0","Function","Global","User Defined","1","0"
"switchD","8001bde8","Instruction Label","switchD_8001bde8","Analysis","0","0"
"caseD_0","8001bdf0","Instruction Label","switchD_8001bde8","Analysis","2","0"
"caseD_1","8001bdfc","Instruction Label","switchD_8001bde8","Analysis","2","0"
"caseD_2","8001be08","Instruction Label","switchD_8001bde8","Analysis","2","0"
"caseD_3","8001be14","Instruction Label","switchD_8001bde8","Analysis","2","0"
"caseD_4","8001be20","Instruction Label","switchD_8001bde8","Analysis","2","0"
"caseD_5","8001be2c","Instruction Label","switchD_8001bde8","Analysis","2","0"
"caseD_6","8001be38","Instruction Label","switchD_8001bde8","Analysis","2","0"
"caseD_7","8001be44","Instruction Label","switchD_8001bde8","Analysis","2","0"
"caseD_8","8001be54","Instruction Label","switchD_8001bde8","Analysis","2","0"
"initOpcodeHandlerTable","8001be64","Function","Global","User Defined","1","0"
"initializeScriptInterpreter","8001c6ec","Function","Global","User Defined","4","0"
"resetFullGameRuntimeState","8001ca18","Function","Global","User Defined","5","0"
"loadPortraitLoopCutData","8001cedc","Function","Global","User Defined","2","0"
"loadPortraitTextGridData","8001d248","Function","Global","User Defined","1","0"
"FUN_8001d48c","8001d48c","Function","Global","Default","1","0"
"applySaveGameState","8001d9e8","Function","Global","User Defined","1","0"
"updateScriptStateAndDebugInput","8001e4e4","Function","Global","User Defined","1","0"
"decrementGlobalViewHex","8001e864","Instruction Label","Global","User Defined","1","0"
"endGlobalInspectorBlock","8001e884","Instruction Label","Global","User Defined","6","0"
"exitIfTaiwaActive","8001e8b8","Instruction Label","Global","User Defined","2","0"
"func_interpreterStep","8001ea38","Function","Global","User Defined","1","0"
"func_handleScriptBlock","8001eb64","Function","Global","User Defined","1","0"
"registerKeywordLabel","8001ec94","Instruction Label","Global","User Defined","2","0"
"applyScriptBlockJump","8001ed24","Instruction Label","Global","User Defined","2","0"
"func_print_a","8001ed94","Function","Global","User Defined","1","0"
"handle_dialogue_input","8001ee50","Instruction Label","Global","User Defined","1","0"
"send_character_command","8001f0f0","Instruction Label","Global","User Defined","1","0"
"decode_kanji_code","8001f1fc","Instruction Label","Global","User Defined","3","0"
"report_script_error","8001f2ec","Instruction Label","Global","User Defined","1","0"
"decodePortraitAnimBlock","8001f308","Function","Global","User Defined","5","0"
"decode_expression_fallback_byte","8001f3d8","Instruction Label","Global","User Defined","1","0"
"write_decoded_expression","8001f3dc","Instruction Label","Global","User Defined","1","0"
"func_call","8001f438","Function","Global","User Defined","1","0"
"func_thread","8001f5ec","Function","Global","User Defined","1","0"
"func_bg2","8001f6fc","Function","Global","User Defined","1","0"
"func_kbg2","8001f7e8","Function","Global","User Defined","1","0"
"func_movie2","8001f8d8","Function","Global","User Defined","1","0"
"func_movieflash2","8001fa34","Function","Global","User Defined","1","0"
"func_movieFstate","8001fbd0","Function","Global","User Defined","1","0"
"logAndContinue","8001fcac","Instruction Label","Global","User Defined","1","0"
"resumeScriptInterpreter","8001fdc8","Instruction Label","Global","User Defined","5","0"
"func_movieFframe","8001fe00","Function","Global","User Defined","1","0"
"logAndStoreFrame","8001fedc","Instruction Label","Global","User Defined","1","0"
"resumeScriptExecution","8001fff8","Instruction Label","Global","User Defined","5","0"
"func_allmuisc","80020030","Function","Global","User Defined","1","0"
"switchD","800200fc","Instruction Label","switchD_800200fc","Analysis","0","0"
"caseD_1","80020104","Instruction Label","switchD_800200fc","Analysis","1","0"
"caseD_2","8002011c","Instruction Label","switchD_800200fc","Analysis","1","0"
"caseD_3","80020138","Instruction Label","switchD_800200fc","Analysis","1","0"
"caseD_4","80020158","Instruction Label","switchD_800200fc","Analysis","1","0"
"caseD_5","8002016c","Instruction Label","switchD_800200fc","Analysis","1","0"
"caseD_6","80020184","Instruction Label","switchD_800200fc","Analysis","1","0"
"caseD_7","800201a0","Instruction Label","switchD_800200fc","Analysis","1","0"
"caseD_8","800201b4","Instruction Label","switchD_800200fc","Analysis","1","0"
"caseD_9","800201cc","Instruction Label","switchD_800200fc","Analysis","1","0"
"caseD_a","800201e8","Instruction Label","switchD_800200fc","Analysis","1","0"
"caseD_b","80020200","Instruction Label","switchD_800200fc","Analysis","1","0"
"caseD_c","8002021c","Instruction Label","switchD_800200fc","Analysis","1","0"
"caseD_c","8002023c","Instruction Label","switchD_800200fc","Analysis","1","0"
"func_seloop","800202a0","Function","Global","User Defined","1","0"
"func_allSE","800203f0","Function","Global","User Defined","1","0"
"switchD","800204a4","Instruction Label","switchD_800204a4","Analysis","0","0"
"caseD_1","800204ac","Instruction Label","switchD_800204a4","Analysis","2","0"
"caseD_2","800204d8","Instruction Label","switchD_800204a4","Analysis","2","0"
"caseD_3","80020508","Instruction Label","switchD_800204a4","Analysis","2","0"
"caseD_4","80020534","Instruction Label","switchD_800204a4","Analysis","2","0"
"caseD_6","80020564","Instruction Label","switchD_800204a4","Analysis","2","0"
"caseD_5","80020584","Instruction Label","switchD_800204a4","Analysis","3","0"
"caseD_6","80020584","Instruction Label","switchD_800204a4","Analysis","0","0"
"func_oneSE","800205c4","Function","Global","User Defined","1","0"
"switchD","800206b4","Instruction Label","switchD_800206b4","Analysis","0","0"
"caseD_9","800206f4","Instruction Label","switchD_800206b4","Analysis","2","0"
"caseD_1","80020724","Instruction Label","switchD_800206b4","Analysis","3","0"
"caseD_2","80020758","Instruction Label","switchD_800206b4","Analysis","2","0"
"caseD_3","800207d0","Instruction Label","switchD_800206b4","Analysis","2","0"
"caseD_4","8002082c","Instruction Label","switchD_800206b4","Analysis","2","0"
"caseD_5","8002088c","Instruction Label","switchD_800206b4","Analysis","2","0"
"caseD_6","800208e8","Instruction Label","switchD_800206b4","Analysis","2","0"
"caseD_9","80020934","Instruction Label","switchD_800206b4","Analysis","2","0"
"caseD_7","80020954","Instruction Label","switchD_800206b4","Analysis","3","0"
"caseD_8","80020954","Instruction Label","switchD_800206b4","Analysis","0","0"
"func_allStream","8002099c","Function","Global","User Defined","1","0"
"switchD","80020a50","Instruction Label","switchD_80020a50","Analysis","0","0"
"caseD_1","80020a58","Instruction Label","switchD_80020a50","Analysis","1","0"
"caseD_2","80020a78","Instruction Label","switchD_80020a50","Analysis","1","0"
"caseD_3","80020a88","Instruction Label","switchD_80020a50","Analysis","1","0"
"caseD_4","80020a9c","Instruction Label","switchD_80020a50","Analysis","1","0"
"caseD_5","80020ab4","Instruction Label","switchD_80020a50","Analysis","1","0"
"caseD_5","80020ac8","Instruction Label","switchD_80020a50","Analysis","1","0"
"func_setVariableByType","80020b28","Function","Global","User Defined","1","0"
"invalidVariableType","80020d80","Instruction Label","Global","User Defined","2","0"
"finishSetOperation","80020dbc","Instruction Label","Global","User Defined","3","0"
"executeUnaryOpcode","80020df8","Function","Global","User Defined","2","0"
"logOperator","80020e88","Instruction Label","Global","User Defined","1","0"
"executeOperation","80020e98","Instruction Label","Global","User Defined","1","0"
"executeEquationOpcode","80020f60","Function","Global","User Defined","18","0"
"switchD","80021004","Instruction Label","switchD_80021004","Analysis","0","0"
"caseD_0","8002100c","Instruction Label","switchD_80021004","Analysis","2","0"
"caseD_1","80021018","Instruction Label","switchD_80021004","Analysis","2","0"
"caseD_2","80021024","Instruction Label","switchD_80021004","Analysis","2","0"
"caseD_3","80021030","Instruction Label","switchD_80021004","Analysis","2","0"
"caseD_4","8002103c","Instruction Label","switchD_80021004","Analysis","2","0"
"caseD_7","80021048","Instruction Label","switchD_80021004","Analysis","2","0"
"caseD_8","80021054","Instruction Label","switchD_80021004","Analysis","2","0"
"caseD_9","80021060","Instruction Label","switchD_80021004","Analysis","2","0"
"caseD_a","8002106c","Instruction Label","switchD_80021004","Analysis","2","0"
"caseD_b","80021078","Instruction Label","switchD_80021004","Analysis","2","0"
"caseD_d","80021084","Instruction Label","switchD_80021004","Analysis","2","0"
"caseD_e","80021090","Instruction Label","switchD_80021004","Analysis","2","0"
"caseD_f","8002109c","Instruction Label","switchD_80021004","Analysis","2","0"
"caseD_10","800210a8","Instruction Label","switchD_80021004","Analysis","2","0"
"caseD_11","800210b4","Instruction Label","switchD_80021004","Analysis","2","0"
"caseD_12","800210c0","Instruction Label","switchD_80021004","Analysis","2","0"
"caseD_13","800210cc","Instruction Label","switchD_80021004","Analysis","2","0"
"caseD_14","800210d8","Instruction Label","switchD_80021004","Analysis","2","0"
"logUnknownOperatorCase","800210e8","Instruction Label","switchD_80021004","User Defined","5","0"
"caseD_6","800210e8","Instruction Label","switchD_80021004","Analysis","0","0"
"caseD_c","800210e8","Instruction Label","switchD_80021004","Analysis","0","0"
"switchD","80021110","Instruction Label","switchD_80021110","Analysis","0","0"
"caseD_0","80021118","Instruction Label","switchD_80021110","Analysis","2","0"
"caseD_1","8002113c","Instruction Label","switchD_80021110","Analysis","2","0"
"storeLogicalResult","80021160","Instruction Label","Global","User Defined","3","0"
"caseD_2","80021168","Instruction Label","switchD_80021110","Analysis","2","0"
"caseD_3","80021184","Instruction Label","switchD_80021110","Analysis","2","0"
"caseD_4","800211a0","Instruction Label","switchD_80021110","Analysis","2","0"
"caseD_7","800211bc","Instruction Label","switchD_80021110","Analysis","2","0"
"caseD_8","800211d8","Instruction Label","switchD_80021110","Analysis","2","0"
"caseD_9","800211f4","Instruction Label","switchD_80021110","Analysis","2","0"
"caseD_a","80021214","Instruction Label","switchD_80021110","Analysis","2","0"
"caseD_b","80021248","Instruction Label","switchD_80021110","Analysis","2","0"
"storeDivOrModResult","80021278","Instruction Label","Global","User Defined","1","0"
"caseD_d","8002128c","Instruction Label","switchD_80021110","Analysis","2","0"
"caseD_e","800212a8","Instruction Label","switchD_80021110","Analysis","2","0"
"caseD_f","800212c4","Instruction Label","switchD_80021110","Analysis","2","0"
"caseD_10","800212e4","Instruction Label","switchD_80021110","Analysis","2","0"
"caseD_11","80021304","Instruction Label","switchD_80021110","Analysis","2","0"
"caseD_12","80021320","Instruction Label","switchD_80021110","Analysis","2","0"
"caseD_13","80021338","Instruction Label","switchD_80021110","Analysis","2","0"
"caseD_14","80021354","Instruction Label","switchD_80021110","Analysis","2","0"
"storeNotLessThanResult","80021368","Instruction Label","Global","User Defined","1","0"
"caseD_5","80021374","Instruction Label","switchD_80021110","Analysis","5","0"
"caseD_6","80021374","Instruction Label","switchD_80021110","Analysis","0","0"
"caseD_c","80021374","Instruction Label","switchD_80021110","Analysis","0","0"
"func_ifv","800213f4","Function","Global","User Defined","1","0"
"SkipJump","80021540","Instruction Label","Global","User Defined","1","0"
"func_ifs","80021574","Function","Global","User Defined","1","0"
"CompareOperandsToSlotValue","80021684","Instruction Label","Global","User Defined","1","0"
"PerformScriptJumpIfNoMatch","800216dc","Instruction Label","Global","User Defined","1","0"
"FinishOpcodeExecution","80021710","Instruction Label","Global","User Defined","1","0"
"func_ifs2","80021744","Function","Global","User Defined","1","0"
"CompareOperandsToSlotValue","80021864","Instruction Label","Global","User Defined","1","0"
"PerformScriptJumpIfNoMatch","800218bc","Instruction Label","Global","User Defined","1","0"
"FinishOpcodeExecution","800218f0","Instruction Label","Global","User Defined","1","0"
"func_ifo","80021924","Function","Global","User Defined","1","0"
"CompareOperandsToSlotValue","80021a34","Instruction Label","Global","User Defined","1","0"
"PerformScriptJumpIfNoMatch","80021a8c","Instruction Label","Global","User Defined","1","0"
"FinishOpcodeExecution","80021ac0","Instruction Label","Global","User Defined","1","0"
"func_ifo2","80021af4","Function","Global","User Defined","1","0"
"CompareOperandsToSlotValue","80021c14","Instruction Label","Global","User Defined","1","0"
"PerformScriptJumpIfNoMatch","80021c6c","Instruction Label","Global","User Defined","1","0"
"FinishOpcodeExecution","80021ca0","Instruction Label","Global","User Defined","1","0"
"func_ifc","80021cd4","Function","Global","User Defined","1","0"
"CompareOperandsToSlotValue","80021ddc","Instruction Label","Global","User Defined","1","0"
"PerformScriptJumpIfNoMatch","80021e34","Instruction Label","Global","User Defined","1","0"
"FinishOpcodeExecution","80021e68","Instruction Label","Global","User Defined","1","0"
"func_ifc2","80021e9c","Function","Global","User Defined","1","0"
"CompareOperandsToSlotValue","80021fb4","Instruction Label","Global","User Defined","1","0"
"PerformScriptJumpIfNoMatch","8002200c","Instruction Label","Global","User Defined","1","0"
"FinishOpcodeExecution","80022040","Instruction Label","Global","User Defined","1","0"
"func_ifvar","80022074","Function","Global","User Defined","1","0"
"FinishOpcodeExecution","800221c0","Instruction Label","Global","User Defined","1","0"
"func_face_a","800221f4","Function","Global","User Defined","1","0"
"func_facer_a","800222e0","Function","Global","User Defined","1","0"
"func_pset_a","800223cc","Function","Global","User Defined","1","0"
"func_mset_a","800224e4","Function","Global","User Defined","1","0"
"func_mwin","80022660","Function","Global","User Defined","1","0"
"func_exec","800227e8","Function","Global","User Defined","1","0"
"func_enter","80022a84","Function","Global","User Defined","1","0"
"func_exit","80022d80","Function","Global","User Defined","1","0"
"func_pmove_a","80022ff8","Function","Global","User Defined","1","0"
"func_facelight","800233e0","Function","Global","User Defined","1","0"
"func_faceEffect","80023568","Function","Global","User Defined","1","0"
"func_din","800236f0","Function","Global","User Defined","2","0"
"func_dout","80023a9c","Function","Global","User Defined","2","0"
"func_sjump","80023fd8","Function","Global","User Defined","1","0"
"func_jsel","800240f4","Function","Global","User Defined","1","0"
"func_mdel_s","800242d4","Function","Global","User Defined","1","0"
"func_vardel_j","80024718","Function","Global","User Defined","1","0"
"func_loaddict","80024abc","Function","Global","User Defined","1","0"
"loadDictionaryData","80024bbc","Function","Global","User Defined","3","0"
"func_watch","80024f7c","Function","Global","User Defined","1","0"
"func_watch16","80025134","Function","Global","User Defined","1","0"
"func_watchflag","800252ec","Function","Global","User Defined","1","0"
"func_getRandom","80025400","Function","Global","User Defined","1","0"
"logRandomValue","8002569c","Instruction Label","Global","User Defined","2","0"
"advanceScriptExecution","800256f4","Instruction Label","Global","User Defined","1","0"
"matchNameExpression","80025730","Function","Global","User Defined","1","0"
"CompareFailed","80025920","Instruction Label","Global","User Defined","1","0"
"FinalTemplateComparisonResult","80025994","Instruction Label","Global","User Defined","1","0"
"StoreMatchStageAndUpdate","800259a4","Instruction Label","Global","User Defined","2","0"
"func_newsel","80025b80","Function","Global","User Defined","1","0"
"func_getnews","80025ccc","Function","Global","User Defined","1","0"
"validateScriptHeader","80025df8","Function","Global","User Defined","4","0"
"decodeScriptOperand","80026224","Function","Global","User Defined","150","0"
"switchD","8002625c","Instruction Label","switchD_8002625c","Analysis","0","0"
"caseD_0","80026264","Instruction Label","switchD_8002625c","Analysis","2","0"
"caseD_1","80026274","Instruction Label","switchD_8002625c","Analysis","2","0"
"getTableData","80026280","Instruction Label","Global","User Defined","1","0"
"caseD_2","800262a0","Instruction Label","switchD_8002625c","Analysis","2","0"
"caseD_3","800262e4","Instruction Label","switchD_8002625c","Analysis","2","0"
"caseD_5","80026340","Instruction Label","switchD_8002625c","Analysis","2","0"
"caseD_7","8002635c","Instruction Label","switchD_8002625c","Analysis","2","0"
"caseD_4","8002636c","Instruction Label","switchD_8002625c","Analysis","5","0"
"caseD_6","8002636c","Instruction Label","switchD_8002625c","Analysis","0","0"
"caseD_8","8002636c","Instruction Label","switchD_8002625c","Analysis","0","0"
"caseD_9","8002636c","Instruction Label","switchD_8002625c","Analysis","0","0"
"caseD_a","80026398","Instruction Label","switchD_8002625c","Analysis","2","0"
"returnValue","800263d8","Instruction Label","Global","User Defined","3","0"
"getTaiwaNoun","800263ec","Function","Global","User Defined","1","0"
"switchD","80026424","Instruction Label","switchD_80026424","Analysis","0","0"
"caseD_0","8002642c","Instruction Label","switchD_80026424","Analysis","2","0"
"caseD_1","8002643c","Instruction Label","switchD_80026424","Analysis","2","0"
"caseD_2","8002644c","Instruction Label","switchD_80026424","Analysis","2","0"
"caseD_3","8002649c","Instruction Label","switchD_80026424","Analysis","2","0"
"caseD_4","800264fc","Instruction Label","switchD_80026424","Analysis","2","0"
"caseD_5","8002654c","Instruction Label","switchD_80026424","Analysis","2","0"
"caseD_6","800265ac","Instruction Label","switchD_80026424","Analysis","2","0"
"caseD_7","800265f4","Instruction Label","switchD_80026424","Analysis","2","0"
"caseD_8","8002664c","Instruction Label","switchD_80026424","Analysis","2","0"
"caseD_9","8002665c","Instruction Label","switchD_80026424","Analysis","2","0"
"caseD_a","8002666c","Instruction Label","switchD_80026424","Analysis","2","0"
"caseD_b","8002667c","Instruction Label","switchD_80026424","Analysis","2","0"
"caseD_c","8002668c","Instruction Label","switchD_80026424","Analysis","2","0"
"caseD_d","8002669c","Instruction Label","switchD_80026424","Analysis","2","0"
"caseD_e","800266ac","Instruction Label","switchD_80026424","Analysis","2","0"
"caseD_f","800266bc","Instruction Label","switchD_80026424","Analysis","2","0"
"caseD_10","800266cc","Instruction Label","switchD_80026424","Analysis","2","0"
"caseD_11","800266dc","Instruction Label","switchD_80026424","Analysis","2","0"
"caseD_12","80026704","Instruction Label","switchD_80026424","Analysis","2","0"
"reportSystemError","80026748","Function","Global","User Defined","1","0"
"copyScriptToRuntimeBuffer","8002697c","Function","Global","User Defined","17","0"
"initTitleScreenAudio","80026a8c","Function","Global","User Defined","2","0"
"forceStopMusic","80026ad4","Function","Global","User Defined","2","0"
"loadStoryScript","80026af4","Function","Global","User Defined","7","0"
"setupDebugOptionMenu","80026bc0","Function","Global","User Defined","1","0"
"playSingleSoundeffect","80026c04","Function","Global","User Defined","5","0"
"playConditionalSoundEffect","80026c48","Function","Global","User Defined","131","0"
"maybeStartTaiwaVibration","80026d10","Function","Global","User Defined","1","0"
"dispatchScriptOpcode","80026d50","Function","Global","User Defined","2","0"
"jumpOpcodeFuncViaTable","80026d8c","Function","Global","User Defined","1","0"
"func_errorUnknownOpcode","80026dc8","Function","Global","User Defined","115","0"
"func_wait","80026e24","Function","Global","User Defined","1","0"
"resetPortraitState","80026ed4","Function","Global","User Defined","3","0"
"func_mspeed","80026f18","Function","Global","User Defined","1","0"
"func_loadkanji","80026fa0","Function","Global","User Defined","1","0"
"func_return","80027044","Function","Global","User Defined","1","0"
"func_threadret","800270f4","Function","Global","User Defined","1","0"
"func_threadstop","80027174","Function","Global","User Defined","1","0"
"func_bg","800271ac","Function","Global","User Defined","1","0"
"func_kbg","80027264","Function","Global","User Defined","1","0"
"func_movie","80027320","Function","Global","User Defined","1","0"
"func_movieflash","800273c4","Function","Global","User Defined","1","0"
"func_vibrateflash","8002747c","Function","Global","User Defined","1","0"
"func_movieF","800274ec","Function","Global","User Defined","1","0"
"func_movieF2","80027568","Function","Global","User Defined","1","0"
"func_movieFstop","80027658","Function","Global","User Defined","1","0"
"func_movieFblock","80027694","Function","Global","User Defined","1","0"
"func_movieFloop","8002771c","Function","Global","User Defined","1","0"
"func_soundmode","80027798","Function","Global","User Defined","1","0"
"func_music","80027834","Function","Global","User Defined","1","0"
"func_musiccut","800278ac","Function","Global","User Defined","1","0"
"func_loadmusic","80027914","Function","Global","User Defined","1","0"
"loadMusic","800279d8","Function","Global","User Defined","3","0"
"func_loadwavemusic","80027a04","Function","Global","User Defined","1","0"
"loadWaveMusic","80027ac8","Function","Global","User Defined","3","0"
"func_channelMute","80027b04","Function","Global","User Defined","1","0"
"func_finale","80027b9c","Function","Global","User Defined","1","0"
"func_se","80027c54","Function","Global","User Defined","1","0"
"func_sse","80027cf0","Function","Global","User Defined","1","0"
"func_ve","80027d8c","Function","Global","User Defined","1","0"
"func_vestop","80027e28","Function","Global","User Defined","1","0"
"func_seStop","80027e90","Function","Global","User Defined","1","0"
"func_secut","80027f30","Function","Global","User Defined","1","0"
"func_loadse","80027ff8","Function","Global","User Defined","1","0"
"loadSoundEffect","8002809c","Function","Global","User Defined","3","0"
"func_loadwaveSE","800280c8","Function","Global","User Defined","1","0"
"loadAudioId","800281b4","Function","Global","User Defined","4","0"
"func_loadwaveStream","80028200","Function","Global","User Defined","1","0"
"loadAudioStream","800282a4","Function","Global","User Defined","2","0"
"func_cdplay","800282d0","Function","Global","User Defined","1","0"
"func_if","80028374","Function","Global","User Defined","1","0"
"computeMovementStep","80028420","Function","Global","User Defined","1","0"
"func_effectB","800284cc","Function","Global","User Defined","1","0"
"func_seekF","8002852c","Function","Global","User Defined","1","0"
"func_seekB","800285f8","Function","Global","User Defined","1","0"
"func_backF","800286d0","Function","Global","User Defined","1","0"
"func_talk","800287a4","Function","Global","User Defined","1","0"
"func_ltalk","800287e8","Function","Global","User Defined","1","0"
"func_tset","80028860","Function","Global","User Defined","1","0"
"func_byuu","80028928","Function","Global","User Defined","1","0"
"func_preDinXX","80028994","Function","Global","User Defined","1","0"
"func_dinbrainoff","800289c0","Function","Global","User Defined","1","0"
"func_doutWithFaceSlotXX","80028a28","Function","Global","User Defined","1","0"
"func_nin","80028a50","Function","Global","User Defined","1","0"
"func_ninjump","80028af4","Function","Global","User Defined","1","0"
"func_nincall","80028bbc","Function","Global","User Defined","1","0"
"func_ninwait","80028c84","Function","Global","User Defined","1","0"
"func_nout","80028d78","Function","Global","User Defined","1","0"
"func_end","80028df0","Function","Global","User Defined","1","0"
"func_bp","80028edc","Function","Global","User Defined","2","0"
"func_present","80028f2c","Function","Global","User Defined","1","0"
"func_tagon","80028f68","Function","Global","User Defined","1","0"
"func_tagoff","80028fa4","Instruction Label","Global","User Defined","1","0"
"func_brainon","80028fe0","Function","Global","User Defined","1","0"
"func_brainoff","8002901c","Function","Global","User Defined","1","0"
"func_aurthor","80029058","Function","Global","User Defined","1","0"
"func_place","80029100","Function","Global","User Defined","1","0"
"func_date","800291ac","Function","Global","User Defined","1","0"
"func_time","80029270","Function","Global","User Defined","1","0"
"func_chapter","80029334","Function","Global","User Defined","1","0"
"func_chapterTitle","800293d4","Function","Global","User Defined","1","0"
"func_endTitle","80029478","Function","Global","User Defined","1","0"
"func_scene","8002951c","Function","Global","User Defined","1","0"
"func_inputName","800295b4","Function","Global","User Defined","1","0"
"func_vibrateMode","80029658","Function","Global","User Defined","1","0"
"func_menuMode","800296f4","Function","Global","User Defined","1","0"
"func_menuOpen","80029788","Function","Global","User Defined","1","0"
"func_getnews","80029820","Function","Global","User Defined","1","0"
"func_newsput","80029864","Function","Global","User Defined","1","0"
"func_newsquit","800298dc","Function","Global","User Defined","1","0"
"func_logicalAnd","80029920","Function","Global","User Defined","1","0"
"func_logicalOr","80029940","Function","Global","User Defined","1","0"
"func_bitwiseAnd","80029960","Function","Global","User Defined","1","0"
"func_bitwiseOr","80029980","Function","Global","User Defined","1","0"
"func_bitwiseXor","800299a0","Function","Global","User Defined","1","0"
"func_logicalNot","800299c0","Function","Global","User Defined","1","0"
"func_negate","800299e0","Function","Global","User Defined","1","0"
"func_add","80029a00","Function","Global","User Defined","1","0"
"func_subtract","80029a20","Function","Global","User Defined","1","0"
"func_multiply","80029a40","Function","Global","User Defined","1","0"
"func_divide","80029a60","Function","Global","User Defined","1","0"
"func_modulo","80029a80","Function","Global","User Defined","1","0"
"func_setVariable","80029aa0","Function","Global","User Defined","1","0"
"func_shiftLeft","80029ad0","Function","Global","User Defined","1","0"
"func_shiftRight","80029af0","Function","Global","User Defined","1","0"
"func_equal","80029b10","Function","Global","User Defined","1","0"
"func_notEqual","80029b30","Function","Global","User Defined","1","0"
"func_lessThan","80029b50","Function","Global","User Defined","1","0"
"func_lessThanOrEqual","80029b70","Function","Global","User Defined","1","0"
"func_greaterThan","80029b90","Function","Global","User Defined","1","0"
"func_graterThanOrEqualTo","80029bb0","Function","Global","User Defined","1","0"
"readScript16bitBE","80029bd0","Function","Global","User Defined","24","0"
"reportError","80029bfc","Function","Global","User Defined","27","0"
"doDebugOptionMenu","80029d20","Function","Global","User Defined","1","0"
"drawGlobalInspectorList","8002a848","Function","Global","User Defined","1","0"
"printGlobalPlaceholder","8002a920","Instruction Label","Global","User Defined","2","0"
"printScriptSystemDebug","8002a964","Function","Global","User Defined","1","0"
"drawWatchedScriptFlags","8002ab5c","Function","Global","User Defined","1","0"
"printScriptBasicDebug","8002ac5c","Function","Global","User Defined","1","0"
"showTaiwaDebugData","8002ad70","Function","Global","User Defined","1","0"
"drawFlagInspectorList","8002ae80","Function","Global","User Defined","1","0"
"dbgPrintCallandJump","8002af64","Function","Global","User Defined","1","0"
"drawScriptExecutionLog","8002b008","Function","Global","User Defined","1","0"
"drawWatchDebugValues","8002b0b0","Function","Global","User Defined","1","0"
"drawWatch16ValuesHex","8002b160","Function","Global","User Defined","1","0"
"drawWatch16ValuesBinary","8002b210","Function","Global","User Defined","1","0"
"DbgScreenPrintBinary","8002b2bc","Function","Global","User Defined","1","0"
"printDebugBinaryGroupString","8002b38c","Function","Global","User Defined","1","0"
"logDecimalNumber","8002b460","Function","Global","User Defined","149","0"
"logCommand","8002b4c8","Function","Global","User Defined","122","0"
"logArgumentString","8002b544","Function","Global","User Defined","86","0"
"setActiveScriptLabel","8002b56c","Function","Global","User Defined","2","0"
"recordCallLabel","8002b594","Function","Global","User Defined","1","0"
"convertIntToAscii","8002b5d0","Function","Global","User Defined","1","0"
"FUN_8002b680","8002b680","Function","Global","Default","1","0"
"FUN_8002ba98","8002ba98","Function","Global","Default","2","0"
"FUN_8002bef8","8002bef8","Function","Global","Default","2","0"
"FUN_8002c3cc","8002c3cc","Function","Global","Default","1","0"
"FUN_8002c5d8","8002c5d8","Function","Global","Default","2","0"
"FUN_8002c6bc","8002c6bc","Function","Global","Default","1","0"
"FUN_8002c70c","8002c70c","Function","Global","Default","1","0"
"FUN_8002c7fc","8002c7fc","Function","Global","Default","2","0"
"resetDialogueTrackingState","8002c858","Function","Global","User Defined","2","0"
"preprocessScriptBlock","8002c8a8","Function","Global","User Defined","1","0"
"jump_errorOutOfBounds","8002c950","Instruction Label","Global","User Defined","1","0"
"switchD","8002ca04","Instruction Label","switchD_8002ca04","Analysis","0","0"
"caseD_0","8002ca0c","Instruction Label","switchD_8002ca04","Analysis","2","0"
"caseD_5","8002ca18","Instruction Label","switchD_8002ca04","Analysis","2","0"
"caseD_7f","8002ca30","Instruction Label","switchD_8002ca04","Analysis","2","0"
"caseD_14","8002cae0","Instruction Label","switchD_8002ca04","Analysis","2","0"
"caseD_1","8002caf8","Instruction Label","switchD_8002ca04","Analysis","2","0"
"caseD_2","8002cb88","Instruction Label","switchD_8002ca04","Analysis","2","0"
"caseD_52","8002cbf4","Instruction Label","switchD_8002ca04","Analysis","2","0"
"caseD_3","8002cc14","Instruction Label","switchD_8002ca04","Analysis","2","0"
"caseD_6","8002cc4c","Instruction Label","switchD_8002ca04","Analysis","2","0"
"caseD_7","8002cc70","Instruction Label","switchD_8002ca04","Analysis","2","0"
"caseD_57","8002ccb0","Instruction Label","switchD_8002ca04","Analysis","2","0"
"caseD_58","8002ccd4","Instruction Label","switchD_8002ca04","Analysis","2","0"
"caseD_9","8002cd14","Instruction Label","switchD_8002ca04","Analysis","2","0"
"caseD_a","8002cd34","Instruction Label","switchD_8002ca04","Analysis","2","0"
"jump_reportFatalPreloadError","8002cd4c","Instruction Label","Global","User Defined","1","0"
"caseD_b","8002cd78","Instruction Label","switchD_8002ca04","Analysis","2","0"
"caseD_c","8002cdb4","Instruction Label","switchD_8002ca04","Analysis","2","0"
"caseD_7e","8002ce14","Instruction Label","switchD_8002ca04","Analysis","2","0"
"caseD_d","8002ce70","Instruction Label","switchD_8002ca04","Analysis","2","0"
"caseD_f","8002ceec","Instruction Label","switchD_8002ca04","Analysis","2","0"
"caseD_e","8002cf48","Instruction Label","switchD_8002ca04","Analysis","2","0"
"jump_emitOperandAndAdvance","8002cfbc","Instruction Label","Global","User Defined","1","0"
"caseD_5a","8002cfe8","Instruction Label","switchD_8002ca04","Analysis","2","0"
"caseD_55","8002d030","Instruction Label","switchD_8002ca04","Analysis","2","0"
"caseD_5c","8002d08c","Instruction Label","switchD_8002ca04","Analysis","2","0"
"caseD_16","8002d0e8","Instruction Label","switchD_8002ca04","Analysis","2","0"
"caseD_15","8002d10c","Instruction Label","switchD_8002ca04","Analysis","2","0"
"caseD_17","8002d130","Instruction Label","switchD_8002ca04","Analysis","2","0"
"caseD_1d","8002d154","Instruction Label","switchD_8002ca04","Analysis","9","0"
"caseD_1e","8002d154","Instruction Label","switchD_8002ca04","Analysis","0","0"
"caseD_1f","8002d154","Instruction Label","switchD_8002ca04","Analysis","0","0"
"caseD_20","8002d154","Instruction Label","switchD_8002ca04","Analysis","0","0"
"caseD_5e","8002d154","Instruction Label","switchD_8002ca04","Analysis","0","0"
"caseD_5f","8002d154","Instruction Label","switchD_8002ca04","Analysis","0","0"
"caseD_63","8002d154","Instruction Label","switchD_8002ca04","Analysis","0","0"
"caseD_64","8002d154","Instruction Label","switchD_8002ca04","Analysis","0","0"
"caseD_8","8002d198","Instruction Label","switchD_8002ca04","Analysis","3","0"
"caseD_85","8002d1ac","Instruction Label","switchD_8002ca04","Analysis","2","0"
"caseD_77","8002d1c4","Instruction Label","switchD_8002ca04","Analysis","2","0"
"caseD_8e","8002d20c","Instruction Label","switchD_8002ca04","Analysis","2","0"
"caseD_88","8002d224","Instruction Label","switchD_8002ca04","Analysis","2","0"
"caseD_11","8002d23c","Instruction Label","switchD_8002ca04","Analysis","2","0"
"caseD_8b","8002d254","Instruction Label","switchD_8002ca04","Analysis","2","0"
"caseD_84","8002d26c","Instruction Label","switchD_8002ca04","Analysis","2","0"
"caseD_12","8002d284","Instruction Label","switchD_8002ca04","Analysis","2","0"
"caseD_6b","8002d29c","Instruction Label","switchD_8002ca04","Analysis","2","0"
"caseD_87","8002d2c0","Instruction Label","switchD_8002ca04","Analysis","2","0"
"jump_emitFinalExtraByte","8002d31c","Instruction Label","Global","User Defined","1","0"
"caseD_76","8002d32c","Instruction Label","switchD_8002ca04","Analysis","3","0"
"caseD_78","8002d32c","Instruction Label","switchD_8002ca04","Analysis","0","0"
"jump_emitOperandsThenFinalByte","8002d364","Instruction Label","Global","User Defined","3","0"
"caseD_69","8002d374","Instruction Label","switchD_8002ca04","Analysis","2","0"
"caseD_59","8002d38c","Instruction Label","switchD_8002ca04","Analysis","2","0"
"caseD_21","8002d3a0","Instruction Label","switchD_8002ca04","Analysis","2","0"
"caseD_22","8002d3dc","Instruction Label","switchD_8002ca04","Analysis","2","0"
"caseD_23","8002d418","Instruction Label","switchD_8002ca04","Analysis","2","0"
"caseD_24","8002d464","Instruction Label","switchD_8002ca04","Analysis","2","0"
"caseD_25","8002d4e8","Instruction Label","switchD_8002ca04","Analysis","2","0"
"caseD_26","8002d524","Instruction Label","switchD_8002ca04","Analysis","2","0"
"caseD_5d","8002d568","Instruction Label","switchD_8002ca04","Analysis","2","0"
"caseD_19","8002d5d0","Instruction Label","switchD_8002ca04","Analysis","2","0"
"caseD_72","8002d620","Instruction Label","switchD_8002ca04","Analysis","2","0"
"caseD_1a","8002d62c","Instruction Label","switchD_8002ca04","Analysis","2","0"
"caseD_73","8002d644","Instruction Label","switchD_8002ca04","Analysis","2","0"
"caseD_7b","8002d658","Instruction Label","switchD_8002ca04","Analysis","2","0"
"caseD_82","8002d66c","Instruction Label","switchD_8002ca04","Analysis","2","0"
"caseD_65","8002d684","Instruction Label","switchD_8002ca04","Analysis","2","0"
"caseD_29","8002d6a8","Instruction Label","switchD_8002ca04","Analysis","2","0"
"caseD_2c","8002d6b8","Instruction Label","switchD_8002ca04","Analysis","2","0"
"caseD_2b","8002d6cc","Instruction Label","switchD_8002ca04","Analysis","2","0"
"caseD_2e","8002d6e0","Instruction Label","switchD_8002ca04","Analysis","2","0"
"caseD_27","8002d6f8","Instruction Label","switchD_8002ca04","Analysis","2","0"
"caseD_66","8002d79c","Instruction Label","switchD_8002ca04","Analysis","2","0"
"caseD_28","8002d840","Instruction Label","switchD_8002ca04","Analysis","2","0"
"caseD_7a","8002d884","Instruction Label","switchD_8002ca04","Analysis","2","0"
"caseD_6e","8002d8e8","Instruction Label","switchD_8002ca04","Analysis","2","0"
"caseD_8d","8002d90c","Instruction Label","switchD_8002ca04","Analysis","2","0"
"caseD_35","8002d97c","Instruction Label","switchD_8002ca04","Analysis","2","0"
"caseD_38","8002d9bc","Instruction Label","switchD_8002ca04","Analysis","2","0"
"caseD_39","8002da18","Instruction Label","switchD_8002ca04","Analysis","2","0"
"jump_skipThreeByteOpcode","8002da60","Instruction Label","Global","User Defined","2","0"
"caseD_3b","8002da80","Instruction Label","switchD_8002ca04","Analysis","2","0"
"jump_skipFourByteOpcode","8002dacc","Instruction Label","Global","User Defined","3","0"
"jump_skipFiveByteOpcode","8002dad8","Instruction Label","Global","User Defined","1","0"
"caseD_68","8002daf8","Instruction Label","switchD_8002ca04","Analysis","2","0"
"caseD_86","8002db10","Instruction Label","switchD_8002ca04","Analysis","2","0"
"caseD_60","8002db28","Instruction Label","switchD_8002ca04","Analysis","2","0"
"caseD_62","8002db74","Instruction Label","switchD_8002ca04","Analysis","2","0"
"caseD_4","8002dbe4","Instruction Label","switchD_8002ca04","Analysis","22","0"
"caseD_13","8002dbe4","Instruction Label","switchD_8002ca04","Analysis","0","0"
"caseD_18","8002dbe4","Instruction Label","switchD_8002ca04","Analysis","0","0"
"caseD_2a","8002dbe4","Instruction Label","switchD_8002ca04","Analysis","0","0"
"caseD_2d","8002dbe4","Instruction Label","switchD_8002ca04","Analysis","0","0"
"caseD_33","8002dbe4","Instruction Label","switchD_8002ca04","Analysis","0","0"
"caseD_34","8002dbe4","Instruction Label","switchD_8002ca04","Analysis","0","0"
"caseD_3a","8002dbe4","Instruction Label","switchD_8002ca04","Analysis","0","0"
"caseD_56","8002dbe4","Instruction Label","switchD_8002ca04","Analysis","0","0"
"caseD_67","8002dbe4","Instruction Label","switchD_8002ca04","Analysis","0","0"
"caseD_6a","8002dbe4","Instruction Label","switchD_8002ca04","Analysis","0","0"
"caseD_6c","8002dbe4","Instruction Label","switchD_8002ca04","Analysis","0","0"
"caseD_6f","8002dbe4","Instruction Label","switchD_8002ca04","Analysis","0","0"
"caseD_74","8002dbe4","Instruction Label","switchD_8002ca04","Analysis","0","0"
"caseD_75","8002dbe4","Instruction Label","switchD_8002ca04","Analysis","0","0"
"caseD_79","8002dbe4","Instruction Label","switchD_8002ca04","Analysis","0","0"
"caseD_7c","8002dbe4","Instruction Label","switchD_8002ca04","Analysis","0","0"
"caseD_80","8002dbe4","Instruction Label","switchD_8002ca04","Analysis","0","0"
"caseD_89","8002dbe4","Instruction Label","switchD_8002ca04","Analysis","0","0"
"jump_emitOperandsWithExtraByte","8002dbfc","Instruction Label","Global","User Defined","5","0"
"caseD_1b","8002dc04","Instruction Label","switchD_8002ca04","Analysis","15","0"
"caseD_37","8002dc04","Instruction Label","switchD_8002ca04","Analysis","0","0"
"caseD_53","8002dc04","Instruction Label","switchD_8002ca04","Analysis","0","0"
"caseD_61","8002dc04","Instruction Label","switchD_8002ca04","Analysis","0","0"
"caseD_81","8002dc04","Instruction Label","switchD_8002ca04","Analysis","0","0"
"caseD_8f","8002dc04","Instruction Label","switchD_8002ca04","Analysis","0","0"
"caseD_fc","8002dc04","Instruction Label","switchD_8002ca04","Analysis","0","0"
"caseD_ff","8002dc04","Instruction Label","switchD_8002ca04","Analysis","0","0"
"caseD_42","8002dc0c","Instruction Label","switchD_8002ca04","Analysis","3","0"
"caseD_43","8002dc0c","Instruction Label","switchD_8002ca04","Analysis","0","0"
"caseD_49","8002dc24","Instruction Label","switchD_8002ca04","Analysis","2","0"
"caseD_3d","8002dc9c","Instruction Label","switchD_8002ca04","Analysis","19","0"
"caseD_3e","8002dc9c","Instruction Label","switchD_8002ca04","Analysis","0","0"
"caseD_3f","8002dc9c","Instruction Label","switchD_8002ca04","Analysis","0","0"
"caseD_40","8002dc9c","Instruction Label","switchD_8002ca04","Analysis","0","0"
"caseD_41","8002dc9c","Instruction Label","switchD_8002ca04","Analysis","0","0"
"caseD_44","8002dc9c","Instruction Label","switchD_8002ca04","Analysis","0","0"
"caseD_45","8002dc9c","Instruction Label","switchD_8002ca04","Analysis","0","0"
"caseD_46","8002dc9c","Instruction Label","switchD_8002ca04","Analysis","0","0"
"caseD_47","8002dc9c","Instruction Label","switchD_8002ca04","Analysis","0","0"
"caseD_48","8002dc9c","Instruction Label","switchD_8002ca04","Analysis","0","0"
"caseD_4a","8002dc9c","Instruction Label","switchD_8002ca04","Analysis","0","0"
"caseD_4b","8002dc9c","Instruction Label","switchD_8002ca04","Analysis","0","0"
"caseD_4c","8002dc9c","Instruction Label","switchD_8002ca04","Analysis","0","0"
"caseD_4d","8002dc9c","Instruction Label","switchD_8002ca04","Analysis","0","0"
"caseD_4e","8002dc9c","Instruction Label","switchD_8002ca04","Analysis","0","0"
"caseD_4f","8002dc9c","Instruction Label","switchD_8002ca04","Analysis","0","0"
"caseD_50","8002dc9c","Instruction Label","switchD_8002ca04","Analysis","0","0"
"caseD_51","8002dc9c","Instruction Label","switchD_8002ca04","Analysis","0","0"
"jump_emitSingleArgument","8002dcb0","Instruction Label","Global","User Defined","2","0"
"jump_emitTwoArguments","8002dcb8","Instruction Label","Global","User Defined","3","0"
"jump_emitOperandsAndAdvance","8002dcbc","Instruction Label","Global","User Defined","21","0"
"caseD_90","8002dccc","Instruction Label","switchD_8002ca04","Analysis","112","0"
"caseD_91","8002dccc","Instruction Label","switchD_8002ca04","Analysis","0","0"
"caseD_92","8002dccc","Instruction Label","switchD_8002ca04","Analysis","0","0"
"caseD_93","8002dccc","Instruction Label","switchD_8002ca04","Analysis","0","0"
"caseD_94","8002dccc","Instruction Label","switchD_8002ca04","Analysis","0","0"
"caseD_95","8002dccc","Instruction Label","switchD_8002ca04","Analysis","0","0"
"caseD_96","8002dccc","Instruction Label","switchD_8002ca04","Analysis","0","0"
"caseD_97","8002dccc","Instruction Label","switchD_8002ca04","Analysis","0","0"
"caseD_98","8002dccc","Instruction Label","switchD_8002ca04","Analysis","0","0"
"caseD_99","8002dccc","Instruction Label","switchD_8002ca04","Analysis","0","0"
"caseD_9a","8002dccc","Instruction Label","switchD_8002ca04","Analysis","0","0"
"caseD_9b","8002dccc","Instruction Label","switchD_8002ca04","Analysis","0","0"
"caseD_9c","8002dccc","Instruction Label","switchD_8002ca04","Analysis","0","0"
"caseD_9d","8002dccc","Instruction Label","switchD_8002ca04","Analysis","0","0"
"caseD_9e","8002dccc","Instruction Label","switchD_8002ca04","Analysis","0","0"
"caseD_9f","8002dccc","Instruction Label","switchD_8002ca04","Analysis","0","0"
"caseD_a0","8002dccc","Instruction Label","switchD_8002ca04","Analysis","0","0"
"caseD_a1","8002dccc","Instruction Label","switchD_8002ca04","Analysis","0","0"
"caseD_a2","8002dccc","Instruction Label","switchD_8002ca04","Analysis","0","0"
"caseD_a3","8002dccc","Instruction Label","switchD_8002ca04","Analysis","0","0"
"caseD_a4","8002dccc","Instruction Label","switchD_8002ca04","Analysis","0","0"
"caseD_a5","8002dccc","Instruction Label","switchD_8002ca04","Analysis","0","0"
"caseD_a6","8002dccc","Instruction Label","switchD_8002ca04","Analysis","0","0"
"caseD_a7","8002dccc","Instruction Label","switchD_8002ca04","Analysis","0","0"
"caseD_a8","8002dccc","Instruction Label","switchD_8002ca04","Analysis","0","0"
"caseD_a9","8002dccc","Instruction Label","switchD_8002ca04","Analysis","0","0"
"caseD_aa","8002dccc","Instruction Label","switchD_8002ca04","Analysis","0","0"
"caseD_ab","8002dccc","Instruction Label","switchD_8002ca04","Analysis","0","0"
"caseD_ac","8002dccc","Instruction Label","switchD_8002ca04","Analysis","0","0"
"caseD_ad","8002dccc","Instruction Label","switchD_8002ca04","Analysis","0","0"
"caseD_ae","8002dccc","Instruction Label","switchD_8002ca04","Analysis","0","0"
"caseD_af","8002dccc","Instruction Label","switchD_8002ca04","Analysis","0","0"
"caseD_b0","8002dccc","Instruction Label","switchD_8002ca04","Analysis","0","0"
"caseD_b1","8002dccc","Instruction Label","switchD_8002ca04","Analysis","0","0"
"caseD_b2","8002dccc","Instruction Label","switchD_8002ca04","Analysis","0","0"
"caseD_b3","8002dccc","Instruction Label","switchD_8002ca04","Analysis","0","0"
"caseD_b4","8002dccc","Instruction Label","switchD_8002ca04","Analysis","0","0"
"caseD_b5","8002dccc","Instruction Label","switchD_8002ca04","Analysis","0","0"
"caseD_b6","8002dccc","Instruction Label","switchD_8002ca04","Analysis","0","0"
"caseD_b7","8002dccc","Instruction Label","switchD_8002ca04","Analysis","0","0"
"caseD_b8","8002dccc","Instruction Label","switchD_8002ca04","Analysis","0","0"
"caseD_b9","8002dccc","Instruction Label","switchD_8002ca04","Analysis","0","0"
"caseD_ba","8002dccc","Instruction Label","switchD_8002ca04","Analysis","0","0"
"caseD_bb","8002dccc","Instruction Label","switchD_8002ca04","Analysis","0","0"
"caseD_bc","8002dccc","Instruction Label","switchD_8002ca04","Analysis","0","0"
"caseD_bd","8002dccc","Instruction Label","switchD_8002ca04","Analysis","0","0"
"caseD_be","8002dccc","Instruction Label","switchD_8002ca04","Analysis","0","0"
"caseD_bf","8002dccc","Instruction Label","switchD_8002ca04","Analysis","0","0"
"caseD_c0","8002dccc","Instruction Label","switchD_8002ca04","Analysis","0","0"
"caseD_c1","8002dccc","Instruction Label","switchD_8002ca04","Analysis","0","0"
"caseD_c2","8002dccc","Instruction Label","switchD_8002ca04","Analysis","0","0"
"caseD_c3","8002dccc","Instruction Label","switchD_8002ca04","Analysis","0","0"
"caseD_c4","8002dccc","Instruction Label","switchD_8002ca04","Analysis","0","0"
"caseD_c5","8002dccc","Instruction Label","switchD_8002ca04","Analysis","0","0"
"caseD_c6","8002dccc","Instruction Label","switchD_8002ca04","Analysis","0","0"
"caseD_c7","8002dccc","Instruction Label","switchD_8002ca04","Analysis","0","0"
"caseD_c8","8002dccc","Instruction Label","switchD_8002ca04","Analysis","0","0"
"caseD_c9","8002dccc","Instruction Label","switchD_8002ca04","Analysis","0","0"
"caseD_ca","8002dccc","Instruction Label","switchD_8002ca04","Analysis","0","0"
"caseD_cb","8002dccc","Instruction Label","switchD_8002ca04","Analysis","0","0"
"caseD_cc","8002dccc","Instruction Label","switchD_8002ca04","Analysis","0","0"
"caseD_cd","8002dccc","Instruction Label","switchD_8002ca04","Analysis","0","0"
"caseD_ce","8002dccc","Instruction Label","switchD_8002ca04","Analysis","0","0"
"caseD_cf","8002dccc","Instruction Label","switchD_8002ca04","Analysis","0","0"
"caseD_d0","8002dccc","Instruction Label","switchD_8002ca04","Analysis","0","0"
"caseD_d1","8002dccc","Instruction Label","switchD_8002ca04","Analysis","0","0"
"caseD_d2","8002dccc","Instruction Label","switchD_8002ca04","Analysis","0","0"
"caseD_d3","8002dccc","Instruction Label","switchD_8002ca04","Analysis","0","0"
"caseD_d4","8002dccc","Instruction Label","switchD_8002ca04","Analysis","0","0"
"caseD_d5","8002dccc","Instruction Label","switchD_8002ca04","Analysis","0","0"
"caseD_d6","8002dccc","Instruction Label","switchD_8002ca04","Analysis","0","0"
"caseD_d7","8002dccc","Instruction Label","switchD_8002ca04","Analysis","0","0"
"caseD_d8","8002dccc","Instruction Label","switchD_8002ca04","Analysis","0","0"
"caseD_d9","8002dccc","Instruction Label","switchD_8002ca04","Analysis","0","0"
"caseD_da","8002dccc","Instruction Label","switchD_8002ca04","Analysis","0","0"
"caseD_db","8002dccc","Instruction Label","switchD_8002ca04","Analysis","0","0"
"caseD_dc","8002dccc","Instruction Label","switchD_8002ca04","Analysis","0","0"
"caseD_dd","8002dccc","Instruction Label","switchD_8002ca04","Analysis","0","0"
"caseD_de","8002dccc","Instruction Label","switchD_8002ca04","Analysis","0","0"
"caseD_df","8002dccc","Instruction Label","switchD_8002ca04","Analysis","0","0"
"caseD_e0","8002dccc","Instruction Label","switchD_8002ca04","Analysis","0","0"
"caseD_e1","8002dccc","Instruction Label","switchD_8002ca04","Analysis","0","0"
"caseD_e2","8002dccc","Instruction Label","switchD_8002ca04","Analysis","0","0"
"caseD_e3","8002dccc","Instruction Label","switchD_8002ca04","Analysis","0","0"
"caseD_e4","8002dccc","Instruction Label","switchD_8002ca04","Analysis","0","0"
"caseD_e5","8002dccc","Instruction Label","switchD_8002ca04","Analysis","0","0"
"caseD_e6","8002dccc","Instruction Label","switchD_8002ca04","Analysis","0","0"
"caseD_e7","8002dccc","Instruction Label","switchD_8002ca04","Analysis","0","0"
"caseD_e8","8002dccc","Instruction Label","switchD_8002ca04","Analysis","0","0"
"caseD_e9","8002dccc","Instruction Label","switchD_8002ca04","Analysis","0","0"
"caseD_ea","8002dccc","Instruction Label","switchD_8002ca04","Analysis","0","0"
"caseD_eb","8002dccc","Instruction Label","switchD_8002ca04","Analysis","0","0"
"caseD_ec","8002dccc","Instruction Label","switchD_8002ca04","Analysis","0","0"
"caseD_ed","8002dccc","Instruction Label","switchD_8002ca04","Analysis","0","0"
"caseD_ee","8002dccc","Instruction Label","switchD_8002ca04","Analysis","0","0"
"caseD_ef","8002dccc","Instruction Label","switchD_8002ca04","Analysis","0","0"
"caseD_f0","8002dccc","Instruction Label","switchD_8002ca04","Analysis","0","0"
"caseD_f1","8002dccc","Instruction Label","switchD_8002ca04","Analysis","0","0"
"caseD_f2","8002dccc","Instruction Label","switchD_8002ca04","Analysis","0","0"
"caseD_f3","8002dccc","Instruction Label","switchD_8002ca04","Analysis","0","0"
"caseD_f4","8002dccc","Instruction Label","switchD_8002ca04","Analysis","0","0"
"caseD_f5","8002dccc","Instruction Label","switchD_8002ca04","Analysis","0","0"
"caseD_f6","8002dccc","Instruction Label","switchD_8002ca04","Analysis","0","0"
"caseD_f7","8002dccc","Instruction Label","switchD_8002ca04","Analysis","0","0"
"caseD_f8","8002dccc","Instruction Label","switchD_8002ca04","Analysis","0","0"
"caseD_f9","8002dccc","Instruction Label","switchD_8002ca04","Analysis","0","0"
"caseD_fa","8002dccc","Instruction Label","switchD_8002ca04","Analysis","0","0"
"caseD_fb","8002dccc","Instruction Label","switchD_8002ca04","Analysis","0","0"
"caseD_fd","8002dccc","Instruction Label","switchD_8002ca04","Analysis","0","0"
"caseD_fe","8002dccc","Instruction Label","switchD_8002ca04","Analysis","0","0"
"jump_warnInvalidOpcode","8002dcd4","Instruction Label","Global","User Defined","2","0"
"jump_fatalPreloadError","8002dcdc","Instruction Label","Global","User Defined","4","0"
"caseD_10","8002dcf0","Instruction Label","switchD_8002ca04","Analysis","55","0"
"caseD_1c","8002dcf0","Instruction Label","switchD_8002ca04","Analysis","0","0"
"caseD_2f","8002dcf0","Instruction Label","switchD_8002ca04","Analysis","0","0"
"caseD_30","8002dcf0","Instruction Label","switchD_8002ca04","Analysis","0","0"
"caseD_31","8002dcf0","Instruction Label","switchD_8002ca04","Analysis","0","0"
"caseD_32","8002dcf0","Instruction Label","switchD_8002ca04","Analysis","0","0"
"caseD_36","8002dcf0","Instruction Label","switchD_8002ca04","Analysis","0","0"
"caseD_3c","8002dcf0","Instruction Label","switchD_8002ca04","Analysis","0","0"
"caseD_54","8002dcf0","Instruction Label","switchD_8002ca04","Analysis","0","0"
"caseD_5b","8002dcf0","Instruction Label","switchD_8002ca04","Analysis","0","0"
"caseD_6d","8002dcf0","Instruction Label","switchD_8002ca04","Analysis","0","0"
"caseD_70","8002dcf0","Instruction Label","switchD_8002ca04","Analysis","0","0"
"caseD_71","8002dcf0","Instruction Label","switchD_8002ca04","Analysis","0","0"
"caseD_7d","8002dcf0","Instruction Label","switchD_8002ca04","Analysis","0","0"
"caseD_83","8002dcf0","Instruction Label","switchD_8002ca04","Analysis","0","0"
"caseD_8a","8002dcf0","Instruction Label","switchD_8002ca04","Analysis","0","0"
"caseD_8c","8002dcf0","Instruction Label","switchD_8002ca04","Analysis","0","0"
"advanceScriptOperandPtr","8002dd30","Function","Global","User Defined","62","0"
"switchD","8002dd68","Instruction Label","switchD_8002dd68","Analysis","0","0"
"caseD_0","8002dd70","Instruction Label","switchD_8002dd68","Analysis","5","0"
"caseD_1","8002dd70","Instruction Label","switchD_8002dd68","Analysis","0","0"
"caseD_5","8002dd70","Instruction Label","switchD_8002dd68","Analysis","0","0"
"caseD_7","8002dd70","Instruction Label","switchD_8002dd68","Analysis","0","0"
"caseD_2","8002dd88","Instruction Label","switchD_8002dd68","Analysis","7","0"
"caseD_3","8002dd88","Instruction Label","switchD_8002dd68","Analysis","0","0"
"caseD_4","8002dd88","Instruction Label","switchD_8002dd68","Analysis","0","0"
"caseD_6","8002dd88","Instruction Label","switchD_8002dd68","Analysis","0","0"
"caseD_8","8002dd88","Instruction Label","switchD_8002dd68","Analysis","0","0"
"caseD_9","8002dd88","Instruction Label","switchD_8002dd68","Analysis","0","0"
"caseD_a","8002dda0","Instruction Label","switchD_8002dd68","Analysis","2","0"
"readLE16FromScript","8002ddec","Function","Global","User Defined","3","0"
"skipNext8ScriptBytes","8002de1c","Function","Global","User Defined","7","0"
"initSoundDriver","8002de48","Function","Global","User Defined","1","0"
"shutdownSoundSystem","8002de68","Function","Global","User Defined","5","0"
"ensureSeLoopBlockInitialized","8002de88","Function","Global","User Defined","5","0"
"handleMusicCommand","8002decc","Function","Global","User Defined","4","0"
"resetSoundSystem","8002defc","Function","Global","User Defined","6","0"
"playSoundEffect","8002dfb4","Function","Global","User Defined","5","0"
"stopSoundEffect","8002e08c","Function","Global","User Defined","2","0"
"isResourceLoaded","8002e16c","Function","Global","User Defined","56","0"
"setSoundMode","8002e1d8","Function","Global","User Defined","4","0"
"muteAudioChannels","8002e214","Function","Global","User Defined","1","0"
"applySoundProfile","8002e280","Function","Global","User Defined","2","0"
"FUN_8002e2f0","8002e2f0","Function","Global","Default","1","0"
"setMusicVolumeLevel","8002e360","Function","Global","User Defined","2","0"
"FUN_8002e394","8002e394","Function","Global","Default","1","0"
"playMusicTrack","8002e3d0","Function","Global","User Defined","2","0"
"FUN_8002e41c","8002e41c","Function","Global","Default","1","0"
"setMusicPan","8002e470","Function","Global","User Defined","2","0"
"FUN_8002e4a4","8002e4a4","Function","Global","Default","1","0"
"playSystemSound","8002e4e0","Function","Global","User Defined","2","0"
"FUN_8002e52c","8002e52c","Function","Global","Default","1","0"
"stopMusicTrack","8002e580","Function","Global","User Defined","1","0"
"playSoundEffect","8002e5f0","Function","Global","User Defined","1","0"
"playMusicTrack","8002e690","Function","Global","User Defined","3","0"
"sendMusicStopCommand","8002e6c8","Function","Global","User Defined","5","0"
"playMusicTrackWithPanVol","8002e704","Function","Global","User Defined","1","0"
"sendSoundConfigCommand","8002e7ac","Function","Global","User Defined","1","0"
"sendMusicLayerResetCommand","8002e7e4","Function","Global","User Defined","3","0"
"setMusicLayerTrack","8002e818","Function","Global","User Defined","1","0"
"setMusicLayerTrackPan","8002e850","Function","Global","User Defined","1","0"
"stopMusicLayer","8002e890","Function","Global","User Defined","3","0"
"releaseMusicLayerTrack","8002e8c4","Function","Global","User Defined","1","0"
"stopMusicLayerTrackWithPan","8002e8fc","Function","Global","User Defined","1","0"
"resetAndStopMusicLayer","8002e93c","Function","Global","User Defined","1","0"
"overrideMusicLayerTrack","8002e970","Function","Global","User Defined","1","0"
"overrideMusicLayerTrackWithPan","8002e9a8","Function","Global","User Defined","1","0"
"stopMusicNow","8002e9e8","Function","Global","User Defined","5","0"
"cutSoundEffect","8002ea1c","Function","Global","User Defined","2","0"
"decompressWaveMusic","8002ea44","Function","Global","User Defined","3","0"
"installOakaProgramFromBuffer","8002eaa0","Function","Global","User Defined","1","0"
"playMusicTrack","8002ebc8","Function","Global","User Defined","1","0"
"stopAllMusic","8002ec30","Function","Global","User Defined","1","0"
"setActiveMusicBuffer","8002ec58","Function","Global","User Defined","3","0"
"crossfadeToBuffer","8002ec90","Function","Global","User Defined","1","0"
"setSecondaryMusicBuffer","8002eccc","Function","Global","User Defined","3","0"
"isValidOakaMagic","8002efdc","Function","Global","User Defined","5","0"
"audioEventCallback","8002eff0","Instruction Label","Global","User Defined","2","0"
"FUN_8002f014","8002f014","Function","Global","Default","1","0"
"setupAudioEventHandler","8002f044","Function","Global","User Defined","4","0"
"waitForAudioShutdown","8002f0d0","Function","Global","User Defined","4","0"
"processOakaBlockIfValid","8002f0fc","Function","Global","User Defined","1","0"
"installOakaAudioProgram","8002f14c","Function","Global","User Defined","2","0"
"resetAudioState","8002f230","Function","Global","User Defined","1","0"
"setupSpuAndAudioEvents","8002f4b8","Function","Global","User Defined","1","0"
"initSeLoopWorkArea","8002f5a8","Function","Global","User Defined","1","0"
"stopAndCloseSoundEvents","8002f5cc","Function","Global","User Defined","1","0"
"FUN_8002f670","8002f670","Function","Global","Default","4","0"
"stopSpuVoices","8002f68c","Function","Global","User Defined","7","0"
"FUN_8002f6a8","8002f6a8","Function","Global","Default","1","0"
"FUN_8002f6c4","8002f6c4","Function","Global","Default","1","0"
"FUN_8002f6e0","8002f6e0","Function","Global","Default","1","0"
"FUN_8002f6fc","8002f6fc","Function","Global","Default","13","0"
"FUN_8002f744","8002f744","Function","Global","Default","8","0"
"FUN_8002f75c","8002f75c","Function","Global","Default","2","0"
"FUN_8002f778","8002f778","Function","Global","Default","4","0"
"FUN_8002f794","8002f794","Function","Global","Default","4","0"
"FUN_8002f7c4","8002f7c4","Function","Global","Default","2","0"
"FUN_8002f7ec","8002f7ec","Function","Global","Default","2","0"
"FUN_8002f814","8002f814","Function","Global","Default","4","0"
"FUN_8002f848","8002f848","Function","Global","Default","2","0"
"FUN_8002f878","8002f878","Function","Global","Default","1","0"
"FUN_8002f9a4","8002f9a4","Function","Global","Default","2","0"
"FUN_8002fb5c","8002fb5c","Function","Global","Default","2","0"
"FUN_8002ffc4","8002ffc4","Function","Global","Default","1","0"
"FUN_80030420","80030420","Function","Global","Default","1","0"
"FUN_80030898","80030898","Function","Global","Default","1","0"
"FUN_80030928","80030928","Function","Global","Default","2","0"
"FUN_80030be4","80030be4","Function","Global","Default","2","0"
"FUN_80030c1c","80030c1c","Function","Global","Default","1","0"
"FUN_80030cd4","80030cd4","Function","Global","Default","1","0"
"FUN_80030fd8","80030fd8","Function","Global","Default","4","0"
"FUN_80031038","80031038","Function","Global","Default","1","0"
"FUN_80031134","80031134","Function","Global","Default","3","0"
"FUN_80031228","80031228","Function","Global","Default","15","0"
"FUN_80031244","80031244","Function","Global","Default","15","0"
"FUN_80031260","80031260","Function","Global","Default","15","0"
"FUN_8003127c","8003127c","Function","Global","Default","1","0"
"adjustAudioEventAddresses","80031360","Function","Global","User Defined","1","0"
"FUN_80031394","80031394","Function","Global","Default","1","0"
"FUN_8003166c","8003166c","Function","Global","Default","2","0"
"FUN_800316f8","800316f8","Function","Global","Default","6","0"
"FUN_80031a40","80031a40","Function","Global","Default","2","0"
"FUN_80031b98","80031b98","Function","Global","Default","2","0"
"FUN_80031bf4","80031bf4","Function","Global","Default","6","0"
"FUN_80031dec","80031dec","Function","Global","Default","2","0"
"FUN_80031e64","80031e64","Function","Global","Default","6","0"
"FUN_80031eac","80031eac","Function","Global","Default","2","0"
"FUN_80031f00","80031f00","Function","Global","Default","1","0"
"FUN_8003214c","8003214c","Function","Global","Default","3","0"
"FUN_8003217c","8003217c","Function","Global","Default","2","0"
"FUN_80033b40","80033b40","Function","Global","Default","1","0"
"allocateSoundCommand","80033bc0","Function","Global","User Defined","17","0"
"setReverbModeIfDifferent","80033c00","Function","Global","User Defined","2","0"
"clearMusicStateIfMatches","80033c50","Function","Global","User Defined","1","0"
"updateSoundConfig","80033cb4","Function","Global","User Defined","38","0"
"handle_generic_sound_command","80034088","Instruction Label","Global","User Defined","4","0"
"FUN_80034114","80034114","Function","Global","Default","2","0"
"FUN_80034134","80034134","Function","Global","Default","4","0"
"FUN_80034158","80034158","Function","Global","Default","1","0"
"FUN_8003449c","8003449c","Function","Global","Default","1","0"
"FUN_800349f0","800349f0","Function","Global","Default","1","0"
"switchD","80034a90","Instruction Label","switchD_80034a90","Analysis","0","0"
"caseD_f0","80034a98","Instruction Label","switchD_80034a90","Analysis","13","0"
"caseD_f1","80034a98","Instruction Label","switchD_80034a90","Analysis","0","0"
"caseD_f2","80034a98","Instruction Label","switchD_80034a90","Analysis","0","0"
"caseD_f3","80034a98","Instruction Label","switchD_80034a90","Analysis","0","0"
"caseD_f4","80034a98","Instruction Label","switchD_80034a90","Analysis","0","0"
"caseD_f5","80034a98","Instruction Label","switchD_80034a90","Analysis","0","0"
"caseD_f6","80034a98","Instruction Label","switchD_80034a90","Analysis","0","0"
"caseD_f7","80034a98","Instruction Label","switchD_80034a90","Analysis","0","0"
"caseD_f8","80034a98","Instruction Label","switchD_80034a90","Analysis","0","0"
"caseD_f9","80034a98","Instruction Label","switchD_80034a90","Analysis","0","0"
"caseD_fa","80034a98","Instruction Label","switchD_80034a90","Analysis","0","0"
"caseD_fb","80034a98","Instruction Label","switchD_80034a90","Analysis","0","0"
"caseD_fc","80034aa0","Instruction Label","switchD_80034a90","Analysis","2","0"
"caseD_fd","80034aa8","Instruction Label","switchD_80034a90","Analysis","2","0"
"caseD_fe","80034ab0","Instruction Label","switchD_80034a90","Analysis","2","0"
"caseD_c9","80034b80","Instruction Label","switchD_80034a90","Analysis","2","0"
"caseD_cb","80034bb0","Instruction Label","switchD_80034a90","Analysis","5","0"
"caseD_cd","80034bb0","Instruction Label","switchD_80034a90","Analysis","0","0"
"caseD_d1","80034bb0","Instruction Label","switchD_80034a90","Analysis","0","0"
"caseD_db","80034bb0","Instruction Label","switchD_80034a90","Analysis","0","0"
"caseD_cc","80034bc8","Instruction Label","switchD_80034a90","Analysis","3","0"
"caseD_d0","80034bc8","Instruction Label","switchD_80034a90","Analysis","0","0"
"caseD_ca","80034bdc","Instruction Label","switchD_80034a90","Analysis","2","0"
"caseD_ce","80034c00","Instruction Label","switchD_80034a90","Analysis","34","0"
"caseD_cf","80034c00","Instruction Label","switchD_80034a90","Analysis","0","0"
"caseD_d2","80034c00","Instruction Label","switchD_80034a90","Analysis","0","0"
"caseD_d3","80034c00","Instruction Label","switchD_80034a90","Analysis","0","0"
"caseD_d4","80034c00","Instruction Label","switchD_80034a90","Analysis","0","0"
"caseD_d5","80034c00","Instruction Label","switchD_80034a90","Analysis","0","0"
"caseD_d6","80034c00","Instruction Label","switchD_80034a90","Analysis","0","0"
"caseD_d7","80034c00","Instruction Label","switchD_80034a90","Analysis","0","0"
"caseD_d8","80034c00","Instruction Label","switchD_80034a90","Analysis","0","0"
"caseD_d9","80034c00","Instruction Label","switchD_80034a90","Analysis","0","0"
"caseD_da","80034c00","Instruction Label","switchD_80034a90","Analysis","0","0"
"caseD_dc","80034c00","Instruction Label","switchD_80034a90","Analysis","0","0"
"caseD_dd","80034c00","Instruction Label","switchD_80034a90","Analysis","0","0"
"caseD_de","80034c00","Instruction Label","switchD_80034a90","Analysis","0","0"
"caseD_df","80034c00","Instruction Label","switchD_80034a90","Analysis","0","0"
"caseD_e0","80034c00","Instruction Label","switchD_80034a90","Analysis","0","0"
"caseD_e1","80034c00","Instruction Label","switchD_80034a90","Analysis","0","0"
"caseD_e2","80034c00","Instruction Label","switchD_80034a90","Analysis","0","0"
"caseD_e3","80034c00","Instruction Label","switchD_80034a90","Analysis","0","0"
"caseD_e4","80034c00","Instruction Label","switchD_80034a90","Analysis","0","0"
"caseD_e5","80034c00","Instruction Label","switchD_80034a90","Analysis","0","0"
"caseD_e6","80034c00","Instruction Label","switchD_80034a90","Analysis","0","0"
"caseD_e7","80034c00","Instruction Label","switchD_80034a90","Analysis","0","0"
"caseD_e8","80034c00","Instruction Label","switchD_80034a90","Analysis","0","0"
"caseD_e9","80034c00","Instruction Label","switchD_80034a90","Analysis","0","0"
"caseD_ea","80034c00","Instruction Label","switchD_80034a90","Analysis","0","0"
"caseD_eb","80034c00","Instruction Label","switchD_80034a90","Analysis","0","0"
"caseD_ec","80034c00","Instruction Label","switchD_80034a90","Analysis","0","0"
"caseD_ed","80034c00","Instruction Label","switchD_80034a90","Analysis","0","0"
"caseD_ee","80034c00","Instruction Label","switchD_80034a90","Analysis","0","0"
"caseD_ef","80034c00","Instruction Label","switchD_80034a90","Analysis","0","0"
"FUN_80034c18","80034c18","Function","Global","Default","1","0"
"FUN_80034c40","80034c40","Function","Global","Default","1","0"
"FUN_80034d5c","80034d5c","Function","Global","Default","1","0"
"FUN_80034e78","80034e78","Function","Global","Default","1","0"
"FUN_80034ecc","80034ecc","Function","Global","Default","3","0"
"FUN_80034f68","80034f68","Function","Global","Default","1","0"
"FUN_80035168","80035168","Function","Global","Default","2","0"
"FUN_80035878","80035878","Function","Global","Default","3","0"
"FUN_8003591c","8003591c","Function","Global","Default","2","0"
"FUN_80035954","80035954","Function","Global","Default","5","0"
"FUN_800359c0","800359c0","Function","Global","Default","3","0"
"FUN_8003693c","8003693c","Function","Global","Default","2","0"
"FUN_800369b4","800369b4","Function","Global","Default","2","0"
"FUN_80036a38","80036a38","Function","Global","Default","2","0"
"FUN_80036ab0","80036ab0","Function","Global","Default","2","0"
"FUN_80036b20","80036b20","Function","Global","Default","3","0"
"FUN_80036b84","80036b84","Function","Global","Default","2","0"
"FUN_80036cdc","80036cdc","Function","Global","Default","2","0"
"FUN_80036d00","80036d00","Function","Global","Default","2","0"
"FUN_8003760c","8003760c","Function","Global","Default","5","0"
"FUN_80037690","80037690","Function","Global","Default","3","0"
"FUN_80037750","80037750","Function","Global","Default","1","0"
"FUN_80037968","80037968","Function","Global","Default","8","0"
"FUN_80037b24","80037b24","Function","Global","Default","2","0"
"FUN_80037cbc","80037cbc","Function","Global","Default","4","0"
"FUN_8003826c","8003826c","Function","Global","Default","1","0"
"FUN_80038434","80038434","Function","Global","Default","1","0"
"MSC00_OBJ_0","80038c64","Instruction Label","Global","Imported","0","0"
"InitGeom","80038c6c","Function","Global","Imported","1","0"
"SetRotMatrix","80038cf4","Function","Global","Imported","1","0"
"SetTransMatrix","80038d24","Function","Global","Imported","1","0"
"setGeomOffset","80038d44","Function","Global","User Defined","1","0"
"setGeomScreen","80038d64","Function","Global","User Defined","1","0"
"_patch_gte","80038d74","Function","Global","Imported","1","0"
"PATCHGTE_OBJ_40","80038db4","Instruction Label","Global","Imported","1","0"
"PATCHGTE_OBJ_70","80038de4","Instruction Label","Global","Imported","1","0"
"PATCHGTE_OBJ_88","80038dfc","Instruction Label","Global","Imported","1","0"
"PATCHGTE_OBJ_AC","80038e20","Data Label","Global","Imported","1","0"
"PATCHGTE_OBJ_C4","80038e38","Data Label","Global","Imported","1","0"
"PATCHGTE_OBJ_DC","80038e50","Function","Global","User Defined","0","0"
"VSync","80038e54","Function","Global","Imported","43","0"
"VSYNC_OBJ_24","80038e78","Instruction Label","Global","Imported","1","0"
"VSYNC_OBJ_70","80038ec4","Instruction Label","Global","Imported","1","0"
"VSYNC_OBJ_9C","80038ef0","Instruction Label","Global","Imported","1","0"
"VSYNC_OBJ_A4","80038ef8","Function","Global","User Defined","1","0"
"VSYNC_OBJ_B0","80038f04","Instruction Label","Global","Imported","1","0"
"VSYNC_OBJ_10C","80038f60","Instruction Label","Global","Imported","1","0"
"VSYNC_OBJ_124","80038f78","Instruction Label","Global","Imported","2","0"
"VSYNC_OBJ_13C","80038f90","Instruction Label","Global","Imported","1","0"
"VSYNC_OBJ_160","80038fb4","Instruction Label","Global","Imported","1","0"
"VSYNC_OBJ_164","80038fb8","Function","Global","User Defined","1","0"
"VSYNC_OBJ_178","80038fcc","Function","Global","Imported","2","0"
"VSYNC_OBJ_1A0","80038ff4","Instruction Label","Global","Imported","1","0"
"VSYNC_OBJ_1E8","8003903c","Instruction Label","Global","Imported","1","0"
"VSYNC_OBJ_200","80039054","Function","Global","User Defined","2","0"
"ResetCallback","80039064","Function","Global","Imported","6","0"
"InterruptCallback","80039094","Function","Global","Imported","5","0"
"DMACallback","800390c4","Function","Global","Imported","12","0"
"VSyncCallback","800390f4","Function","Global","User Defined","0","0"
"VSyncCallbacks","80039128","Function","Global","User Defined","0","0"
"StopCallback","80039158","Function","Global","Imported","1","0"
"RestartCallback","80039188","Function","Global","User Defined","0","0"
"CheckCallback","800391b8","Function","Global","Imported","3","0"
"GetIntrMask","800391c8","Function","Global","User Defined","0","0"
"SetIntrMask","800391e0","Function","Global","Imported","9","0"
"INTR_OBJ_194","800391f8","Function","Global","Imported","2","0"
"INTR_OBJ_20C","80039270","Instruction Label","Global","Imported","1","0"
"INTR_OBJ_25C","800392c0","Instruction Label","Global","Imported","1","0"
"INTR_OBJ_26C","800392d0","Function","Global","Imported","1","0"
"INTR_OBJ_2C4","80039328","Instruction Label","Global","Imported","1","0"
"INTR_OBJ_300","80039364","Instruction Label","Global","Imported","1","0"
"INTR_OBJ_30C","80039370","Instruction Label","Global","Imported","1","0"
"INTR_OBJ_348","800393ac","Instruction Label","Global","Imported","2","0"
"INTR_OBJ_35C","800393c0","Instruction Label","Global","Imported","2","0"
"INTR_OBJ_38C","800393f0","Instruction Label","Global","Imported","1","0"
"INTR_OBJ_408","8003946c","Instruction Label","Global","Imported","1","0"
"INTR_OBJ_410","80039474","Function","Global","User Defined","2","0"
"INTR_OBJ_43C","800394a0","Function","Global","Imported","2","0"
"INTR_OBJ_4CC","80039530","Instruction Label","Global","Imported","1","0"
"INTR_OBJ_4EC","80039550","Function","Global","User Defined","1","0"
"INTR_OBJ_510","80039574","Instruction Label","Global","Imported","1","0"
"INTR_OBJ_528","8003958c","Instruction Label","Global","Imported","1","0"
"INTR_OBJ_540","800395a4","Instruction Label","Global","Imported","1","0"
"INTR_OBJ_550","800395b4","Instruction Label","Global","Imported","1","0"
"INTR_OBJ_560","800395c4","Instruction Label","Global","Imported","1","0"
"INTR_OBJ_564","800395c8","Instruction Label","Global","Imported","1","0"
"INTR_OBJ_584","800395e8","Function","Global","Imported","2","0"
"INTR_OBJ_614","80039678","Instruction Label","Global","Imported","1","0"
"INTR_OBJ_624","80039688","Function","Global","User Defined","2","0"
"INTR_OBJ_688","800396ec","Instruction Label","Global","Imported","1","0"
"INTR_OBJ_68C","800396f0","Function","Global","User Defined","1","0"
"INTR_OBJ_69C","80039700","Function","Global","Imported","1","0"
"INTR_OBJ_6A8","8003970c","Instruction Label","Global","Imported","1","0"
"INTR_OBJ_6B8","8003971c","Instruction Label","Global","Imported","1","0"
"startIntrVSync","80039724","Function","Global","Imported","1","0"
"INTR_VB_OBJ_58","8003977c","Function","Global","User Defined","1","0"
"INTR_VB_OBJ_88","800397ac","Instruction Label","Global","Imported","1","0"
"INTR_VB_OBJ_A0","800397c4","Instruction Label","Global","Imported","1","0"
"INTR_VB_OBJ_C4","800397e8","Function","Global","User Defined","1","0"
"INTR_VB_OBJ_E8","8003980c","Instruction Label","Global","Imported","1","0"
"INTR_VB_OBJ_F0","80039814","Function","Global","Imported","1","0"
"INTR_VB_OBJ_FC","80039820","Instruction Label","Global","Imported","1","0"
"INTR_VB_OBJ_10C","80039830","Instruction Label","Global","Imported","1","0"
"startIntrDMA","80039844","Function","Global","Imported","1","0"
"INTR_DMA_OBJ_4C","80039890","Function","Global","User Defined","1","0"
"INTR_DMA_OBJ_A0","800398e4","Instruction Label","Global","Imported","1","0"
"INTR_DMA_OBJ_AC","800398f0","Instruction Label","Global","Imported","1","0"
"INTR_DMA_OBJ_F4","80039938","Instruction Label","Global","Imported","2","0"
"INTR_DMA_OBJ_104","80039948","Instruction Label","Global","Imported","2","0"
"INTR_DMA_OBJ_128","8003996c","Instruction Label","Global","Imported","1","0"
"INTR_DMA_OBJ_160","800399a4","Instruction Label","Global","Imported","1","0"
"INTR_DMA_OBJ_174","800399b8","Instruction Label","Global","Imported","1","0"
"INTR_DMA_OBJ_1A8","800399ec","Instruction Label","Global","Imported","1","0"
"INTR_DMA_OBJ_1CC","80039a10","Function","Global","User Defined","1","0"
"INTR_DMA_OBJ_234","80039a78","Instruction Label","Global","Imported","1","0"
"INTR_DMA_OBJ_270","80039ab4","Function","Global","User Defined","2","0"
"INTR_DMA_OBJ_278","80039abc","Function","Global","Imported","1","0"
"INTR_DMA_OBJ_284","80039ac8","Instruction Label","Global","Imported","1","0"
"INTR_DMA_OBJ_294","80039ad8","Instruction Label","Global","Imported","1","0"
"StSetRing","80039ae4","Function","Global","Imported","2","0"
"CdGetToc","80039b14","Function","Global","Imported","1","0"
"CdGetToc2","80039b38","Function","Global","Imported","1","0"
"TOC_OBJ_DC","80039bf0","Instruction Label","Global","Imported","1","0"
"TOC_OBJ_128","80039c3c","Instruction Label","Global","Imported","1","0"
"TOC_OBJ_198","80039cac","Instruction Label","Global","Imported","1","0"
"TOC_OBJ_1BC","80039cd0","Instruction Label","Global","Imported","1","0"
"TOC_OBJ_1E4","80039cf8","Instruction Label","Global","Imported","2","0"
"TOC_OBJ_1F4","80039d08","Instruction Label","Global","Imported","3","0"
"TOC_OBJ_214","80039d28","Instruction Label","Global","Imported","1","0"
"TOC_OBJ_220","80039d34","Function","Global","User Defined","1","0"
"CdInit","80039d64","Function","Global","Imported","1","0"
"EVENT_OBJ_10","80039d74","Instruction Label","Global","Imported","1","0"
"EVENT_OBJ_60","80039dc4","Instruction Label","Global","Imported","1","0"
"EVENT_OBJ_80","80039de4","Function","Global","User Defined","1","0"
"EVENT_OBJ_90","80039df4","Function","Global","Imported","1","0"
"EVENT_OBJ_B8","80039e1c","Instruction Label","Global","Imported","1","0"
"EVENT_OBJ_BC","80039e20","Function","Global","User Defined","1","0"
"EVENT_OBJ_CC","80039e30","Function","Global","User Defined","1","0"
"EVENT_OBJ_F4","80039e58","Function","Global","User Defined","1","0"
"EVENT_OBJ_11C","80039e80","Function","Global","User Defined","1","0"
"CdStatus","80039eb4","Function","Global","Imported","2","0"
"CdMode","80039ec4","Function","Global","Imported","1","0"
"CdLastCom","80039ed4","Function","Global","User Defined","0","0"
"CdLastPos","80039ee4","Function","Global","Imported","2","0"
"CdReset","80039ef0","Function","Global","User Defined","0","0"
"SYS_OBJ_64","80039f18","Instruction Label","Global","Imported","1","0"
"SYS_OBJ_98","80039f4c","Function","Global","User Defined","4","0"
"CdFlush","80039f5c","Function","Global","Imported","1","0"
"CdSetDebug","80039f7c","Function","Global","User Defined","0","0"
"CdComstr","80039f90","Function","Global","User Defined","0","0"
"SYS_OBJ_100","80039fb4","Instruction Label","Global","Imported","1","0"
"SYS_OBJ_108","80039fbc","Function","Global","User Defined","1","0"
"CdIntstr","80039fc4","Function","Global","User Defined","0","0"
"SYS_OBJ_134","80039fe8","Instruction Label","Global","Imported","1","0"
"SYS_OBJ_13C","80039ff0","Function","Global","User Defined","1","0"
"CdSync","80039ff8","Function","Global","Imported","6","0"
"CdReady","8003a018","Function","Global","Imported","2","0"
"CdSyncCallback","8003a038","Function","Global","Imported","9","0"
"CdReadyCallback","8003a04c","Function","Global","Imported","7","0"
"CdControl","8003a060","Function","Global","Imported","8","0"
"SYS_OBJ_20C","8003a0c0","Instruction Label","Global","Imported","1","0"
"SYS_OBJ_248","8003a0fc","Instruction Label","Global","Imported","2","0"
"SYS_OBJ_278","8003a12c","Instruction Label","Global","Imported","2","0"
"SYS_OBJ_29C","8003a150","Instruction Label","Global","Imported","1","0"
"SYS_OBJ_2B8","8003a16c","Instruction Label","Global","Imported","1","0"
"CdControlF","8003a19c","Function","Global","Imported","7","0"
"SYS_OBJ_348","8003a1fc","Instruction Label","Global","Imported","1","0"
"SYS_OBJ_37C","8003a230","Instruction Label","Global","Imported","2","0"
"SYS_OBJ_3AC","8003a260","Instruction Label","Global","Imported","2","0"
"SYS_OBJ_3D0","8003a284","Instruction Label","Global","Imported","1","0"
"SYS_OBJ_3EC","8003a2a0","Instruction Label","Global","Imported","1","0"
"CdControlB","8003a2d0","Function","Global","Imported","12","0"
"SYS_OBJ_47C","8003a330","Instruction Label","Global","Imported","1","0"
"SYS_OBJ_4B0","8003a364","Instruction Label","Global","Imported","2","0"
"SYS_OBJ_4E0","8003a394","Instruction Label","Global","Imported","2","0"
"SYS_OBJ_504","8003a3b8","Instruction Label","Global","Imported","1","0"
"SYS_OBJ_518","8003a3cc","Instruction Label","Global","Imported","1","0"
"SYS_OBJ_534","8003a3e8","Instruction Label","Global","Imported","1","0"
"SYS_OBJ_538","8003a3ec","Function","Global","User Defined","1","0"
"CdMix","8003a41c","Function","Global","Imported","2","0"
"CdGetSector","8003a43c","Function","Global","Imported","2","0"
"CdGetSector2","8003a45c","Function","Global","Imported","2","0"
"CdDataCallback","8003a47c","Function","Global","Imported","9","0"
"CdDataSync","8003a4a0","Function","Global","Imported","1","0"
"CdIntToPos","8003a4c0","Function","Global","Imported","7","0"
"CdPosToInt","8003a5c4","Function","Global","Imported","4","0"
"BIOS_OBJ_0","8003a644","Function","Global","Imported","4","0"
"BIOS_OBJ_54","8003a698","Instruction Label","Global","Imported","1","0"
"BIOS_OBJ_64","8003a6a8","Function","Global","User Defined","1","0"
"BIOS_OBJ_7C","8003a6c0","Instruction Label","Global","Imported","1","0"
"BIOS_OBJ_C0","8003a704","Instruction Label","Global","Imported","1","0"
"BIOS_OBJ_D4","8003a718","Instruction Label","Global","Imported","1","0"
"BIOS_OBJ_E8","8003a72c","Instruction Label","Global","Imported","1","0"
"BIOS_OBJ_150","8003a794","Instruction Label","Global","Imported","1","0"
"BIOS_OBJ_194","8003a7d8","Instruction Label","Global","Imported","2","0"
"BIOS_OBJ_1B4","8003a7f8","Instruction Label","Global","Imported","1","0"
"BIOS_OBJ_22C","8003a870","Instruction Label","Global","Imported","3","0"
"switchD","8003a898","Instruction Label","switchD_8003a898","Analysis","0","0"
"caseD_3","8003a8a0","Function","switchD_8003a898","Analysis","0","0"
"BIOS_OBJ_25C","8003a8a0","Function","Global","User Defined","2","0"
"BIOS_OBJ_288","8003a8cc","Instruction Label","Global","Imported","1","0"
"BIOS_OBJ_2A8","8003a8ec","Instruction Label","Global","Imported","1","0"
"BIOS_OBJ_2F4","8003a938","Instruction Label","Global","Imported","1","0"
"BIOS_OBJ_30C","8003a950","Instruction Label","Global","Imported","1","0"
"BIOS_OBJ_314","8003a958","Instruction Label","Global","Imported","1","0"
"BIOS_OBJ_33C","8003a980","Instruction Label","Global","Imported","1","0"
"caseD_2","8003a9a0","Function","switchD_8003a898","Analysis","0","0"
"BIOS_OBJ_35C","8003a9a0","Function","Global","User Defined","2","0"
"BIOS_OBJ_368","8003a9ac","Instruction Label","Global","Imported","1","0"
"BIOS_OBJ_388","8003a9cc","Instruction Label","Global","Imported","1","0"
"BIOS_OBJ_3A0","8003a9e4","Instruction Label","Global","Imported","3","0"
"caseD_1","8003a9ec","Function","switchD_8003a898","Analysis","0","0"
"BIOS_OBJ_3A8","8003a9ec","Function","Global","User Defined","2","0"
"BIOS_OBJ_3BC","8003aa00","Instruction Label","Global","Imported","2","0"
"BIOS_OBJ_3C8","8003aa0c","Instruction Label","Global","Imported","1","0"
"BIOS_OBJ_3EC","8003aa30","Instruction Label","Global","Imported","1","0"
"BIOS_OBJ_404","8003aa48","Instruction Label","Global","Imported","1","0"
"caseD_4","8003aa6c","Function","switchD_8003a898","Analysis","0","0"
"BIOS_OBJ_428","8003aa6c","Function","Global","User Defined","2","0"
"BIOS_OBJ_458","8003aa9c","Instruction Label","Global","Imported","1","0"
"BIOS_OBJ_470","8003aab4","Instruction Label","Global","Imported","1","0"
"BIOS_OBJ_488","8003aacc","Instruction Label","Global","Imported","1","0"
"BIOS_OBJ_4A0","8003aae4","Instruction Label","Global","Imported","1","0"
"caseD_5","8003aaec","Function","switchD_8003a898","Analysis","0","0"
"BIOS_OBJ_4A8","8003aaec","Function","Global","User Defined","2","0"
"BIOS_OBJ_4D8","8003ab1c","Instruction Label","Global","Imported","1","0"
"BIOS_OBJ_4F0","8003ab34","Instruction Label","Global","Imported","1","0"
"BIOS_OBJ_508","8003ab4c","Instruction Label","Global","Imported","1","0"
"BIOS_OBJ_520","8003ab64","Instruction Label","Global","Imported","1","0"
"caseD_5","8003ab6c","Instruction Label","switchD_8003a898","Analysis","2","0"
"BIOS_OBJ_528","8003ab6c","Instruction Label","Global","Imported","0","0"
"BIOS_OBJ_544","8003ab88","Instruction Label","Global","Imported","1","0"
"BIOS_OBJ_548","8003ab8c","Function","Global","User Defined","7","0"
"CD_sync","8003aba0","Function","Global","Imported","4","0"
"BIOS_OBJ_5DC","8003ac20","Instruction Label","Global","Imported","1","0"
"BIOS_OBJ_628","8003ac6c","Instruction Label","Global","Imported","1","0"
"BIOS_OBJ_690","8003acd4","Instruction Label","Global","Imported","1","0"
"BIOS_OBJ_694","8003acd8","Function","Global","User Defined","1","0"
"BIOS_OBJ_6C4","8003ad08","Function","Global","User Defined","3","0"
"BIOS_OBJ_704","8003ad48","Instruction Label","Global","Imported","1","0"
"BIOS_OBJ_708","8003ad4c","Instruction Label","Global","Imported","1","0"
"BIOS_OBJ_73C","8003ad80","Instruction Label","Global","Imported","1","0"
"BIOS_OBJ_74C","8003ad90","Instruction Label","Global","Imported","1","0"
"BIOS_OBJ_768","8003adac","Instruction Label","Global","Imported","1","0"
"BIOS_OBJ_784","8003adc8","Instruction Label","Global","Imported","1","0"
"BIOS_OBJ_79C","8003ade0","Instruction Label","Global","Imported","1","0"
"BIOS_OBJ_7A4","8003ade8","Instruction Label","Global","Imported","1","0"
"BIOS_OBJ_7AC","8003adf0","Function","Global","User Defined","2","0"
"CD_ready","8003ae20","Function","Global","Imported","1","0"
"BIOS_OBJ_85C","8003aea0","Instruction Label","Global","Imported","1","0"
"BIOS_OBJ_8A8","8003aeec","Instruction Label","Global","Imported","1","0"
"BIOS_OBJ_910","8003af54","Instruction Label","Global","Imported","1","0"
"BIOS_OBJ_914","8003af58","Function","Global","User Defined","1","0"
"BIOS_OBJ_944","8003af88","Function","Global","User Defined","3","0"
"BIOS_OBJ_984","8003afc8","Instruction Label","Global","Imported","1","0"
"BIOS_OBJ_988","8003afcc","Instruction Label","Global","Imported","1","0"
"BIOS_OBJ_9BC","8003b000","Instruction Label","Global","Imported","1","0"
"BIOS_OBJ_9CC","8003b010","Instruction Label","Global","Imported","1","0"
"BIOS_OBJ_9FC","8003b040","Instruction Label","Global","Imported","1","0"
"BIOS_OBJ_A1C","8003b060","Instruction Label","Global","Imported","1","0"
"BIOS_OBJ_A4C","8003b090","Instruction Label","Global","Imported","1","0"
"BIOS_OBJ_A64","8003b0a8","Instruction Label","Global","Imported","2","0"
"BIOS_OBJ_A6C","8003b0b0","Instruction Label","Global","Imported","1","0"
"BIOS_OBJ_A74","8003b0b8","Function","Global","User Defined","3","0"
"CD_cw","8003b0e8","Function","Global","Imported","13","0"
"BIOS_OBJ_B08","8003b14c","Instruction Label","Global","Imported","1","0"
"BIOS_OBJ_B64","8003b1a8","Instruction Label","Global","Imported","2","0"
"BIOS_OBJ_B84","8003b1c8","Instruction Label","Global","Imported","1","0"
"BIOS_OBJ_BAC","8003b1f0","Instruction Label","Global","Imported","1","0"
"BIOS_OBJ_BC0","8003b204","Instruction Label","Global","Imported","1","0"
"BIOS_OBJ_BEC","8003b230","Instruction Label","Global","Imported","1","0"
"BIOS_OBJ_C1C","8003b260","Instruction Label","Global","Imported","1","0"
"BIOS_OBJ_C44","8003b288","Instruction Label","Global","Imported","1","0"
"BIOS_OBJ_CB8","8003b2fc","Instruction Label","Global","Imported","1","0"
"BIOS_OBJ_D04","8003b348","Instruction Label","Global","Imported","1","0"
"BIOS_OBJ_D6C","8003b3b0","Instruction Label","Global","Imported","1","0"
"BIOS_OBJ_D70","8003b3b4","Function","Global","User Defined","1","0"
"BIOS_OBJ_DA0","8003b3e4","Function","Global","User Defined","3","0"
"BIOS_OBJ_DE0","8003b424","Instruction Label","Global","Imported","1","0"
"BIOS_OBJ_DE4","8003b428","Instruction Label","Global","Imported","1","0"
"BIOS_OBJ_E18","8003b45c","Instruction Label","Global","Imported","1","0"
"BIOS_OBJ_E28","8003b46c","Instruction Label","Global","Imported","1","0"
"BIOS_OBJ_E38","8003b47c","Instruction Label","Global","Imported","1","0"
"BIOS_OBJ_E4C","8003b490","Instruction Label","Global","Imported","1","0"
"BIOS_OBJ_E64","8003b4a8","Instruction Label","Global","Imported","1","0"
"BIOS_OBJ_E88","8003b4cc","Function","Global","User Defined","5","0"
"CD_vol","8003b4f4","Function","Global","Imported","1","0"
"CD_flush","8003b57c","Function","Global","Imported","5","0"
"BIOS_OBJ_F6C","8003b5b0","Instruction Label","Global","Imported","1","0"
"BIOS_OBJ_FBC","8003b600","Instruction Label","Global","Imported","1","0"
"CD_initvol","8003b650","Function","Global","Imported","2","0"
"BIOS_OBJ_1048","8003b68c","Instruction Label","Global","Imported","1","0"
"BIOS_OBJ_104C","8003b690","Instruction Label","Global","Imported","1","0"
"CD_initintr","8003b740","Function","Global","User Defined","1","0"
"CD_init","8003b78c","Function","Global","Imported","2","0"
"BIOS_OBJ_11EC","8003b830","Instruction Label","Global","Imported","1","0"
"BIOS_OBJ_123C","8003b880","Instruction Label","Global","Imported","1","0"
"BIOS_OBJ_12BC","8003b900","Instruction Label","Global","Imported","1","0"
"BIOS_OBJ_1314","8003b958","Instruction Label","Global","Imported","1","0"
"BIOS_OBJ_1318","8003b95c","Function","Global","User Defined","3","0"
"CD_datasync","8003b96c","Function","Global","Imported","1","0"
"BIOS_OBJ_1390","8003b9d4","Instruction Label","Global","Imported","1","0"
"BIOS_OBJ_13D4","8003ba18","Instruction Label","Global","Imported","1","0"
"BIOS_OBJ_143C","8003ba80","Instruction Label","Global","Imported","1","0"
"BIOS_OBJ_1440","8003ba84","Function","Global","User Defined","1","0"
"BIOS_OBJ_1470","8003bab4","Instruction Label","Global","Imported","2","0"
"CD_getsector","8003bad4","Function","Global","Imported","1","0"
"BIOS_OBJ_151C","8003bb60","Instruction Label","Global","Imported","1","0"
"BIOS_OBJ_1564","8003bba8","Instruction Label","Global","Imported","1","0"
"BIOS_OBJ_1578","8003bbbc","Instruction Label","Global","Imported","1","0"
"CD_getsector2","8003bbd4","Function","Global","Imported","1","0"
"BIOS_OBJ_1630","8003bc74","Instruction Label","Global","Imported","1","0"
"BIOS_OBJ_1644","8003bc88","Instruction Label","Global","Imported","1","0"
"CD_set_test_parmnum","8003bcc0","Function","Global","User Defined","0","0"
"BIOS_OBJ_1688","8003bccc","Function","Global","User Defined","2","0"
"BIOS_OBJ_16BC","8003bd00","Function","Global","User Defined","3","0"
"BIOS_OBJ_16FC","8003bd40","Instruction Label","Global","Imported","1","0"
"BIOS_OBJ_1700","8003bd44","Instruction Label","Global","Imported","1","0"
"BIOS_OBJ_1734","8003bd78","Instruction Label","Global","Imported","1","0"
"resetCdStateAndRead","8003c11c","Function","Global","User Defined","3","0"
"FUN_8003c4a4","8003c4a4","Function","Global","Default","3","0"
"waitForCdReady","8003c640","Function","Global","User Defined","3","0"
"CdRead2","8003c774","Function","Global","Imported","2","0"
"CDREAD2_OBJ_44","8003c7b8","Instruction Label","Global","Imported","1","0"
"CDREAD2_OBJ_4C","8003c7c0","Function","Global","User Defined","1","0"
"CDREAD2_OBJ_64","8003c7d8","Instruction Label","Global","Imported","1","0"
"CDREAD2_OBJ_84","8003c7f8","Function","Global","User Defined","1","0"
"StClearRing","8003c824","Function","Global","Imported","1","0"
"StUnSetRing","8003c884","Function","Global","User Defined","2","0"
"data_ready_callback","8003c904","Function","Global","Imported","2","0"
"C_004_OBJ_74","8003c978","Instruction Label","Global","Imported","1","0"
"StGetBackloc","8003c990","Function","Global","User Defined","0","0"
"C_004_OBJ_D0","8003c9d4","Instruction Label","Global","Imported","1","0"
"C_004_OBJ_D4","8003c9d8","Function","Global","User Defined","1","0"
"StSetStream","8003c9f4","Function","Global","Imported","2","0"
"StFreeRing","8003ca84","Function","Global","Imported","2","0"
"C_007_OBJ_70","8003caf4","Instruction Label","Global","Imported","1","0"
"C_007_OBJ_94","8003cb18","Instruction Label","Global","Imported","1","0"
"C_007_OBJ_A4","8003cb28","Instruction Label","Global","Imported","1","0"
"init_ring_status","8003cb34","Function","Global","Imported","3","0"
"C_008_OBJ_8","8003cb3c","Instruction Label","Global","Imported","1","0"
"C_008_OBJ_2C","8003cb60","Instruction Label","Global","Imported","1","0"
"StGetNext","8003cb74","Function","Global","Imported","2","0"
"C_009_OBJ_44","8003cbb8","Instruction Label","Global","Imported","1","0"
"C_009_OBJ_5C","8003cbd0","Instruction Label","Global","Imported","1","0"
"C_009_OBJ_B0","8003cc24","Instruction Label","Global","Imported","1","0"
"StSetMask","8003cc34","Function","Global","User Defined","1","0"
"StCdInterrupt","8003cc54","Function","Global","Imported","2","0"
"C_011_OBJ_78","8003cccc","Instruction Label","Global","Imported","1","0"
"C_011_OBJ_84","8003ccd8","Instruction Label","Global","Imported","2","0"
"C_011_OBJ_C8","8003cd1c","Instruction Label","Global","Imported","1","0"
"C_011_OBJ_128","8003cd7c","Instruction Label","Global","Imported","1","0"
"C_011_OBJ_134","8003cd88","Instruction Label","Global","Imported","1","0"
"C_011_OBJ_1AC","8003ce00","Instruction Label","Global","Imported","1","0"
"C_011_OBJ_1E0","8003ce34","Instruction Label","Global","Imported","1","0"
"C_011_OBJ_1F4","8003ce48","Instruction Label","Global","Imported","1","0"
"C_011_OBJ_234","8003ce88","Instruction Label","Global","Imported","1","0"
"C_011_OBJ_258","8003ceac","Function","Global","User Defined","1","0"
"C_011_OBJ_27C","8003ced0","Instruction Label","Global","Imported","1","0"
"C_011_OBJ_290","8003cee4","Instruction Label","Global","Imported","1","0"
"C_011_OBJ_348","8003cf9c","Instruction Label","Global","Imported","1","0"
"C_011_OBJ_350","8003cfa4","Instruction Label","Global","Imported","2","0"
"C_011_OBJ_388","8003cfdc","Instruction Label","Global","Imported","1","0"
"C_011_OBJ_3A8","8003cffc","Instruction Label","Global","Imported","1","0"
"C_011_OBJ_3AC","8003d000","Function","Global","User Defined","1","0"
"C_011_OBJ_3C8","8003d01c","Instruction Label","Global","Imported","1","0"
"C_011_OBJ_404","8003d058","Instruction Label","Global","Imported","1","0"
"C_011_OBJ_478","8003d0cc","Instruction Label","Global","Imported","1","0"
"C_011_OBJ_484","8003d0d8","Instruction Label","Global","Imported","2","0"
"C_011_OBJ_534","8003d188","Instruction Label","Global","Imported","1","0"
"C_011_OBJ_564","8003d1b8","Instruction Label","Global","Imported","1","0"
"C_011_OBJ_570","8003d1c4","Instruction Label","Global","Imported","2","0"
"C_011_OBJ_5D8","8003d22c","Instruction Label","Global","Imported","1","0"
"C_011_OBJ_608","8003d25c","Instruction Label","Global","Imported","1","0"
"C_011_OBJ_614","8003d268","Instruction Label","Global","Imported","1","0"
"C_011_OBJ_664","8003d2b8","Instruction Label","Global","Imported","1","0"
"C_011_OBJ_670","8003d2c4","Instruction Label","Global","Imported","1","0"
"C_011_OBJ_690","8003d2e4","Instruction Label","Global","Imported","1","0"
"C_011_OBJ_6BC","8003d310","Instruction Label","Global","Imported","1","0"
"C_011_OBJ_6D0","8003d324","Instruction Label","Global","Imported","1","0"
"C_011_OBJ_75C","8003d3b0","Instruction Label","Global","Imported","1","0"
"C_011_OBJ_778","8003d3cc","Function","Global","User Defined","1","0"
"C_011_OBJ_7F0","8003d444","Instruction Label","Global","Imported","1","0"
"C_011_OBJ_814","8003d468","Function","Global","User Defined","1","0"
"C_011_OBJ_838","8003d48c","Instruction Label","Global","Imported","1","0"
"C_011_OBJ_88C","8003d4e0","Instruction Label","Global","Imported","1","0"
"C_011_OBJ_8B0","8003d504","Function","Global","User Defined","2","0"
"C_011_OBJ_90C","8003d560","Function","Global","User Defined","14","0"
"C_011_OBJ_91C","8003d570","Function","Global","Imported","3","0"
"C_011_OBJ_924","8003d578","Instruction Label","Global","Imported","1","0"
"C_011_OBJ_940","8003d594","Instruction Label","Global","Imported","1","0"
"C_011_OBJ_948","8003d59c","Function","Global","Imported","3","0"
"C_011_OBJ_99C","8003d5f0","Instruction Label","Global","Imported","1","0"
"C_011_OBJ_9C0","8003d614","Instruction Label","Global","Imported","1","0"
"C_011_OBJ_9C4","8003d618","Function","Global","User Defined","1","0"
"C_011_OBJ_9E8","8003d63c","Instruction Label","Global","Imported","1","0"
"C_011_OBJ_A08","8003d65c","Instruction Label","Global","Imported","1","0"
"C_011_OBJ_A20","8003d674","Function","Global","User Defined","1","0"
"C_011_OBJ_AA4","8003d6f8","Instruction Label","Global","Imported","1","0"
"C_011_OBJ_AB8","8003d70c","Instruction Label","Global","Imported","1","0"
"DecDCTReset","8003d744","Function","Global","Imported","2","0"
"LIBPRESS_OBJ_1C","8003d760","Instruction Label","Global","Imported","1","0"
"DecDCTGetEnv","8003d778","Function","Global","User Defined","0","0"
"LIBPRESS_OBJ_48","8003d78c","Instruction Label","Global","Imported","1","0"
"LIBPRESS_OBJ_74","8003d7b8","Instruction Label","Global","Imported","1","0"
"LIBPRESS_OBJ_A0","8003d7e4","Instruction Label","Global","Imported","1","0"
"DecDCTPutEnv","8003d804","Function","Global","User Defined","0","0"
"LIBPRESS_OBJ_E0","8003d824","Instruction Label","Global","Imported","1","0"
"LIBPRESS_OBJ_10C","8003d850","Instruction Label","Global","Imported","1","0"
"DecDCTBufSize","8003d89c","Function","Global","User Defined","0","0"
"DecDCTin","8003d8a8","Function","Global","Imported","2","0"
"LIBPRESS_OBJ_188","8003d8cc","Instruction Label","Global","Imported","1","0"
"LIBPRESS_OBJ_194","8003d8d8","Function","Global","User Defined","1","0"
"LIBPRESS_OBJ_1B0","8003d8f4","Instruction Label","Global","Imported","1","0"
"LIBPRESS_OBJ_1C0","8003d904","Function","Global","User Defined","1","0"
"DecDCTout","8003d924","Function","Global","Imported","3","0"
"DecDCTinSync","8003d944","Function","Global","User Defined","0","0"
"LIBPRESS_OBJ_21C","8003d960","Instruction Label","Global","Imported","1","0"
"LIBPRESS_OBJ_22C","8003d970","Function","Global","User Defined","1","0"
"DecDCToutSync","8003d980","Function","Global","User Defined","0","0"
"LIBPRESS_OBJ_258","8003d99c","Instruction Label","Global","Imported","1","0"
"LIBPRESS_OBJ_268","8003d9ac","Function","Global","User Defined","1","0"
"DecDCTinCallback","8003d9bc","Function","Global","User Defined","0","0"
"DecDCToutCallback","8003d9e0","Function","Global","Imported","4","0"
"LIBPRESS_OBJ_2C0","8003da04","Function","Global","Imported","1","0"
"LIBPRESS_OBJ_2E4","8003da28","Instruction Label","Global","Imported","1","0"
"LIBPRESS_OBJ_344","8003da88","Instruction Label","Global","Imported","1","0"
"LIBPRESS_OBJ_394","8003dad8","Function","Global","User Defined","1","0"
"LIBPRESS_OBJ_3A0","8003dae4","Function","Global","User Defined","2","0"
"LIBPRESS_OBJ_3B0","8003daf4","Function","Global","Imported","5","0"
"LIBPRESS_OBJ_440","8003db84","Function","Global","Imported","1","0"
"LIBPRESS_OBJ_4CC","8003dc10","Function","Global","Imported","2","0"
"LIBPRESS_OBJ_4FC","8003dc40","Instruction Label","Global","Imported","1","0"
"LIBPRESS_OBJ_530","8003dc74","Instruction Label","Global","Imported","1","0"
"LIBPRESS_OBJ_550","8003dc94","Function","Global","User Defined","2","0"
"LIBPRESS_OBJ_560","8003dca4","Function","Global","Imported","2","0"
"LIBPRESS_OBJ_590","8003dcd4","Instruction Label","Global","Imported","1","0"
"LIBPRESS_OBJ_5C4","8003dd08","Instruction Label","Global","Imported","1","0"
"LIBPRESS_OBJ_5E4","8003dd28","Function","Global","User Defined","2","0"
"LIBPRESS_OBJ_5F4","8003dd38","Function","Global","User Defined","2","0"
"LIBPRESS_OBJ_60C","8003dd50","Function","Global","Imported","2","0"
"DecDCTvlcSize","8003ddd4","Function","Global","User Defined","0","0"
"VLC_OBJ_20","8003ddf4","Instruction Label","Global","Imported","1","0"
"DecDCTvlc","8003de04","Function","Global","Imported","2","0"
"VLC_OBJ_88","8003de5c","Instruction Label","Global","Imported","1","0"
"VLC_OBJ_C4","8003de98","Instruction Label","Global","Imported","1","0"
"VLC_OBJ_F8","8003decc","Instruction Label","Global","Imported","3","0"
"VLC_OBJ_11C","8003def0","Instruction Label","Global","Imported","1","0"
"VLC_OBJ_15C","8003df30","Instruction Label","Global","Imported","1","0"
"VLC_OBJ_160","8003df34","Instruction Label","Global","Imported","1","0"
"VLC_OBJ_180","8003df54","Instruction Label","Global","Imported","1","0"
"VLC_OBJ_1A0","8003df74","Instruction Label","Global","Imported","1","0"
"VLC_OBJ_1A8","8003df7c","Instruction Label","Global","Imported","1","0"
"VLC_OBJ_1AC","8003df80","Instruction Label","Global","Imported","2","0"
"VLC_OBJ_1D0","8003dfa4","Instruction Label","Global","Imported","1","0"
"VLC_OBJ_200","8003dfd4","Instruction Label","Global","Imported","1","0"
"VLC_OBJ_208","8003dfdc","Instruction Label","Global","Imported","2","0"
"VLC_OBJ_214","8003dfe8","Instruction Label","Global","Imported","5","0"
"VLC_OBJ_254","8003e028","Instruction Label","Global","Imported","1","0"
"VLC_OBJ_270","8003e044","Instruction Label","Global","Imported","1","0"
"VLC_OBJ_274","8003e048","Instruction Label","Global","Imported","1","0"
"VLC_OBJ_298","8003e06c","Instruction Label","Global","Imported","1","0"
"VLC_OBJ_2F8","8003e0cc","Instruction Label","Global","Imported","3","0"
"VLC_OBJ_31C","8003e0f0","Instruction Label","Global","Imported","2","0"
"VLC_OBJ_32C","8003e100","Instruction Label","Global","Imported","1","0"
"VLC_OBJ_344","8003e118","Instruction Label","Global","Imported","1","0"
"VLC_OBJ_34C","8003e120","Instruction Label","Global","Imported","1","0"
"FlushCache","8003e154","Function","Global","Imported","5","0"
"_bu_init","8003e164","Function","Global","Imported","1","0"
"FUN_8003e17c","8003e17c","Function","Global","Default","1","0"
"SystemError","8003e194","Function","Global","Imported","2","0"
"DeliverEvent","8003e1a4","Function","Global","Imported","4","0"
"OpenEvent","8003e1b4","Function","Global","Imported","10","0"
"CloseEvent","8003e1c4","Function","Global","Imported","2","0"
"TestEvent","8003e1d4","Function","Global","Imported","24","0"
"EnableEvent","8003e1e4","Function","Global","Imported","10","0"
"DisableEvent","8003e1f4","Function","Global","Imported","2","0"
"ReturnFromException","8003e204","Function","Global","Imported","2","0"
"ResetEntryInt","8003e214","Function","Global","Imported","1","0"
"HookEntryInt","8003e224","Function","Global","Imported","2","0"
"UnDeliverEvent","8003e234","Function","Global","Imported","1","0"
"EnterCriticalSection","8003e244","Function","Global","User Defined","17","0"
"ExitCriticalSection","8003e254","Function","Global","User Defined","15","0"
"SetSp","8003e264","Function","Global","User Defined","3","0"
"open","8003e274","Function","Global","Imported","5","0"
"read","8003e284","Function","Global","Imported","3","0"
"write","8003e294","Function","Global","Imported","1","0"
"close","8003e2a4","Function","Global","Imported","7","0"
"format","8003e2b4","Function","Global","Imported","1","0"
"nextfile","8003e2c4","Function","Global","Imported","1","0"
"ChangeClearPAD","8003e2d4","Function","Global","Imported","7","0"
"ChangeClearRCnt","8003e2e4","Function","Global","Imported","6","0"
"SetRCnt","8003e2f4","Function","Global","Imported","1","0"
"COUNTER_OBJ_18","8003e30c","Instruction Label","Global","Imported","1","0"
"COUNTER_OBJ_48","8003e33c","Instruction Label","Global","Imported","1","0"
"COUNTER_OBJ_58","8003e34c","Instruction Label","Global","Imported","1","0"
"COUNTER_OBJ_74","8003e368","Function","Global","User Defined","4","0"
"COUNTER_OBJ_80","8003e374","Instruction Label","Global","Imported","1","0"
"COUNTER_OBJ_94","8003e388","Function","Global","User Defined","1","0"
"GetRCnt","8003e390","Function","Global","Imported","2","0"
"COUNTER_OBJ_C8","8003e3bc","Instruction Label","Global","Imported","1","0"
"COUNTER_OBJ_CC","8003e3c0","Function","Global","User Defined","1","0"
"StartRCnt","8003e3c8","Function","Global","Imported","1","0"
"StopRCnt","8003e3f8","Function","Global","Imported","1","0"
"ResetRCnt","8003e42c","Function","Global","User Defined","0","0"
"COUNTER_OBJ_160","8003e454","Instruction Label","Global","Imported","1","0"
"COUNTER_OBJ_164","8003e458","Function","Global","User Defined","1","0"
"firstfile","8003e464","Function","Global","Imported","1","0"
"FIRST_OBJ_38","8003e49c","Instruction Label","Global","Imported","1","0"
"FIRST_OBJ_58","8003e4bc","Instruction Label","Global","Imported","1","0"
"FIRST_OBJ_98","8003e4fc","Instruction Label","Global","Imported","1","0"
"FIRST_OBJ_BC","8003e520","Instruction Label","Global","Imported","1","0"
"FIRST_OBJ_CC","8003e530","Instruction Label","Global","Imported","1","0"
"FIRST_OBJ_D0","8003e534","Function","Global","User Defined","1","0"
"FIRST_OBJ_E0","8003e544","Instruction Label","Global","Imported","1","0"
"FIRST_OBJ_F4","8003e558","Instruction Label","Global","Imported","1","0"
"FIRST_OBJ_104","8003e568","Instruction Label","Global","Imported","1","0"
"FIRST_OBJ_140","8003e5a4","Instruction Label","Global","Imported","1","0"
"FIRST_OBJ_164","8003e5c8","Instruction Label","Global","Imported","1","0"
"FIRST_OBJ_174","8003e5d8","Function","Global","User Defined","1","0"
"FIRST_OBJ_178","8003e5dc","Instruction Label","Global","Imported","1","0"
"FIRST_OBJ_180","8003e5e4","Function","Global","User Defined","1","0"
"FIRST_OBJ_19C","8003e600","Function","Global","User Defined","1","0"
"FIRST_OBJ_1DC","8003e640","Instruction Label","Global","Imported","1","0"
"FIRST_OBJ_220","8003e684","Instruction Label","Global","Imported","1","0"
"FIRST_OBJ_24C","8003e6b0","Instruction Label","Global","Imported","2","0"
"FIRST_OBJ_25C","8003e6c0","Function","Global","User Defined","1","0"
"FIRST_OBJ_260","8003e6c4","Instruction Label","Global","Imported","1","0"
"firstfile2","8003e704","Function","Global","Imported","1","0"
"puts_A63","8003e71c","Function","Global","User Defined","10","0"
"setjmp","8003e734","Function","Global","Imported","1","0"
"strcat","8003e744","Function","Global","Imported","54","0"
"strcmp","8003e754","Function","Global","Imported","4","0"
"strncmp","8003e764","Function","Global","Imported","1","0"
"strcpy","8003e774","Function","Global","Imported","13","0"
"memset","8003e784","Function","Global","Imported","3","0"
"printf","8003e794","Function","Global","Imported","68","0"
"LoadTPage","8003e7a4","Function","Global","Imported","17","0"
"EXT_OBJ_64","8003e808","Instruction Label","Global","Imported","1","0"
"EXT_OBJ_78","8003e81c","Instruction Label","Global","Imported","1","0"
"EXT_OBJ_84","8003e828","Instruction Label","Global","Imported","1","0"
"EXT_OBJ_90","8003e834","Instruction Label","Global","Imported","1","0"
"EXT_OBJ_A4","8003e848","Instruction Label","Global","Imported","1","0"
"EXT_OBJ_A8","8003e84c","Function","Global","User Defined","2","0"
"EXT_OBJ_AC","8003e850","Function","Global","User Defined","2","0"
"LoadClut","8003e88c","Function","Global","Imported","4","0"
"LoadClut2","8003e8f0","Function","Global","Imported","1","0"
"SetDefDrawEnv","8003e954","Function","Global","Imported","17","0"
"EXT_OBJ_224","8003e9c8","Instruction Label","Global","Imported","1","0"
"EXT_OBJ_228","8003e9cc","Function","Global","User Defined","1","0"
"SetDefDispEnv","8003ea08","Function","Global","Imported","18","0"
"GsGetWorkBase","8003ea58","Function","Global","User Defined","3","0"
"SetDumpFnt","8003ea74","Function","Global","Imported","3","0"
"FONT_OBJ_38","8003eaac","Instruction Label","Global","Imported","2","0"
"FntLoad","8003eab4","Function","Global","Imported","3","0"
"FntOpen","8003eb54","Function","Global","Imported","3","0"
"FONT_OBJ_138","8003ebac","Instruction Label","Global","Imported","1","0"
"FONT_OBJ_148","8003ebbc","Instruction Label","Global","Imported","1","0"
"FONT_OBJ_17C","8003ebf0","Instruction Label","Global","Imported","1","0"
"FONT_OBJ_260","8003ecd4","Instruction Label","Global","Imported","1","0"
"FONT_OBJ_31C","8003ed90","Instruction Label","Global","Imported","1","0"
"FONT_OBJ_340","8003edb4","Instruction Label","Global","Imported","1","0"
"FONT_OBJ_36C","8003ede0","Function","Global","User Defined","1","0"
"FntFlush","8003ee0c","Function","Global","Imported","3","0"
"FONT_OBJ_3F4","8003ee68","Instruction Label","Global","Imported","1","0"
"FONT_OBJ_42C","8003eea0","Instruction Label","Global","Imported","2","0"
"FONT_OBJ_488","8003eefc","Instruction Label","Global","Imported","1","0"
"FONT_OBJ_4C4","8003ef38","Instruction Label","Global","Imported","1","0"
"FONT_OBJ_524","8003ef98","Instruction Label","Global","Imported","1","0"
"FONT_OBJ_52C","8003efa0","Function","Global","User Defined","2","0"
"FONT_OBJ_550","8003efc4","Instruction Label","Global","Imported","1","0"
"FONT_OBJ_558","8003efcc","Function","Global","User Defined","1","0"
"FONT_OBJ_564","8003efd8","Instruction Label","Global","Imported","1","0"
"FONT_OBJ_5B8","8003f02c","Instruction Label","Global","Imported","1","0"
"FONT_OBJ_5BC","8003f030","Function","Global","User Defined","1","0"
"FONT_OBJ_5D0","8003f044","Instruction Label","Global","Imported","1","0"
"FONT_OBJ_5D4","8003f048","Function","Global","User Defined","4","0"
"FONT_OBJ_5F4","8003f068","Instruction Label","Global","Imported","1","0"
"FONT_OBJ_60C","8003f080","Instruction Label","Global","Imported","1","0"
"FONT_OBJ_614","8003f088","Function","Global","User Defined","1","0"
"FONT_OBJ_624","8003f098","Instruction Label","Global","Imported","2","0"
"FONT_OBJ_668","8003f0dc","Instruction Label","Global","Imported","2","0"
"FONT_OBJ_684","8003f0f8","Function","Global","User Defined","1","0"
"FntPrint","8003f128","Function","Global","Imported","19","0"
"FONT_OBJ_70C","8003f180","Instruction Label","Global","Imported","1","0"
"FONT_OBJ_73C","8003f1b0","Instruction Label","Global","Imported","3","0"
"FONT_OBJ_744","8003f1b8","Instruction Label","Global","Imported","1","0"
"FONT_OBJ_74C","8003f1c0","Instruction Label","Global","Imported","1","0"
"FONT_OBJ_7A0","8003f214","Instruction Label","Global","Imported","1","0"
"FONT_OBJ_7BC","8003f230","Instruction Label","Global","Imported","1","0"
"FONT_OBJ_7EC","8003f260","Instruction Label","Global","Imported","1","0"
"FONT_OBJ_7FC","8003f270","Instruction Label","Global","Imported","1","0"
"FONT_OBJ_818","8003f28c","Function","Global","User Defined","1","0"
"FONT_OBJ_834","8003f2a8","Instruction Label","Global","Imported","1","0"
"switchD","8003f2c8","Instruction Label","switchD_8003f2c8","Analysis","0","0"
"caseD_64","8003f2d0","Function","switchD_8003f2c8","Analysis","0","0"
"FONT_OBJ_85C","8003f2d0","Function","Global","User Defined","2","0"
"FONT_OBJ_880","8003f2f4","Instruction Label","Global","Imported","1","0"
"FONT_OBJ_884","8003f2f8","Function","Global","User Defined","1","0"
"FONT_OBJ_888","8003f2fc","Instruction Label","Global","Imported","2","0"
"caseD_58","8003f350","Function","switchD_8003f2c8","Analysis","0","0"
"caseD_78","8003f350","Function","switchD_8003f2c8","Analysis","0","0"
"FONT_OBJ_8DC","8003f350","Function","Global","User Defined","3","0"
"FONT_OBJ_8F0","8003f364","Instruction Label","Global","Imported","1","0"
"FONT_OBJ_8F4","8003f368","Instruction Label","Global","Imported","1","0"
"FONT_OBJ_938","8003f3ac","Instruction Label","Global","Imported","1","0"
"caseD_63","8003f3c8","Function","switchD_8003f2c8","Analysis","0","0"
"FONT_OBJ_954","8003f3c8","Function","Global","User Defined","2","0"
"caseD_73","8003f3e8","Function","switchD_8003f2c8","Analysis","0","0"
"FONT_OBJ_974","8003f3e8","Function","Global","User Defined","2","0"
"caseD_59","8003f408","Function","switchD_8003f2c8","Analysis","0","0"
"caseD_5a","8003f408","Function","switchD_8003f2c8","Analysis","0","0"
"caseD_5b","8003f408","Function","switchD_8003f2c8","Analysis","0","0"
"caseD_5c","8003f408","Function","switchD_8003f2c8","Analysis","0","0"
"caseD_5d","8003f408","Function","switchD_8003f2c8","Analysis","0","0"
"caseD_5e","8003f408","Function","switchD_8003f2c8","Analysis","0","0"
"caseD_5f","8003f408","Function","switchD_8003f2c8","Analysis","0","0"
"caseD_60","8003f408","Function","switchD_8003f2c8","Analysis","0","0"
"caseD_61","8003f408","Function","switchD_8003f2c8","Analysis","0","0"
"caseD_62","8003f408","Function","switchD_8003f2c8","Analysis","0","0"
"caseD_65","8003f408","Function","switchD_8003f2c8","Analysis","0","0"
"caseD_66","8003f408","Function","switchD_8003f2c8","Analysis","0","0"
"caseD_67","8003f408","Function","switchD_8003f2c8","Analysis","0","0"
"caseD_68","8003f408","Function","switchD_8003f2c8","Analysis","0","0"
"caseD_69","8003f408","Function","switchD_8003f2c8","Analysis","0","0"
"caseD_6a","8003f408","Function","switchD_8003f2c8","Analysis","0","0"
"caseD_6b","8003f408","Function","switchD_8003f2c8","Analysis","0","0"
"caseD_6c","8003f408","Function","switchD_8003f2c8","Analysis","0","0"
"caseD_6d","8003f408","Function","switchD_8003f2c8","Analysis","0","0"
"caseD_6e","8003f408","Function","switchD_8003f2c8","Analysis","0","0"
"caseD_6f","8003f408","Function","switchD_8003f2c8","Analysis","0","0"
"caseD_70","8003f408","Function","switchD_8003f2c8","Analysis","0","0"
"caseD_71","8003f408","Function","switchD_8003f2c8","Analysis","0","0"
"caseD_72","8003f408","Function","switchD_8003f2c8","Analysis","0","0"
"caseD_74","8003f408","Function","switchD_8003f2c8","Analysis","0","0"
"caseD_75","8003f408","Function","switchD_8003f2c8","Analysis","0","0"
"caseD_76","8003f408","Function","switchD_8003f2c8","Analysis","0","0"
"caseD_77","8003f408","Function","switchD_8003f2c8","Analysis","0","0"
"FONT_OBJ_994","8003f408","Function","Global","User Defined","33","0"
"FONT_OBJ_998","8003f40c","Function","Global","User Defined","2","0"
"FONT_OBJ_9A0","8003f414","Instruction Label","Global","Imported","1","0"
"FONT_OBJ_9D8","8003f44c","Instruction Label","Global","Imported","2","0"
"FONT_OBJ_9EC","8003f460","Instruction Label","Global","Imported","1","0"
"FONT_OBJ_A24","8003f498","Instruction Label","Global","Imported","2","0"
"FONT_OBJ_A38","8003f4ac","Instruction Label","Global","Imported","1","0"
"FONT_OBJ_A50","8003f4c4","Function","Global","User Defined","2","0"
"strlen","8003f4f4","Function","Global","Imported","1","0"
"ResetGraph","8003f504","Function","Global","Imported","3","0"
"SYS_OBJ_3C","8003f540","Instruction Label","Global","Imported","1","0"
"SYS_OBJ_4C","8003f550","Instruction Label","Global","Imported","2","0"
"SYS_OBJ_68","8003f56c","Instruction Label","Global","Imported","1","0"
"SYS_OBJ_110","8003f614","Function","Global","User Defined","2","0"
"SYS_OBJ_144","8003f648","Instruction Label","Global","Imported","1","0"
"SYS_OBJ_160","8003f664","Function","Global","User Defined","1","0"
"SetGraphDebug","8003f678","Function","Global","Imported","1","0"
"SYS_OBJ_1C0","8003f6c4","Instruction Label","Global","Imported","1","0"
"SetGraphQueue","8003f6d4","Function","Global","User Defined","0","0"
"SYS_OBJ_21C","8003f720","Instruction Label","Global","Imported","1","0"
"SYS_OBJ_25C","8003f760","Instruction Label","Global","Imported","1","0"
"GetGraphDebug","8003f778","Function","Global","Imported","24","0"
"DrawSyncCallback","8003f788","Function","Global","User Defined","0","0"
"SYS_OBJ_2C8","8003f7cc","Instruction Label","Global","Imported","1","0"
"SetDispMask","8003f7e8","Function","Global","Imported","20","0"
"SYS_OBJ_32C","8003f830","Instruction Label","Global","Imported","1","0"
"SYS_OBJ_340","8003f844","Instruction Label","Global","Imported","1","0"
"SYS_OBJ_358","8003f85c","Instruction Label","Global","Imported","1","0"
"DrawSync","8003f880","Function","Global","Imported","42","0"
"SYS_OBJ_3B8","8003f8bc","Instruction Label","Global","Imported","1","0"
"SYS_OBJ_3E4","8003f8e8","Function","Global","Imported","8","0"
"SYS_OBJ_420","8003f924","Instruction Label","Global","Imported","1","0"
"SYS_OBJ_4A0","8003f9a4","Instruction Label","Global","Imported","7","0"
"SYS_OBJ_4AC","8003f9b0","Instruction Label","Global","Imported","1","0"
"SYS_OBJ_4B4","8003f9b8","Function","Global","User Defined","1","0"
"SYS_OBJ_4F0","8003f9f4","Function","Global","User Defined","2","0"
"ClearImage","8003fa04","Function","Global","Imported","14","0"
"ClearImage2","8003fa94","Function","Global","Imported","6","0"
"LoadImage","8003fb2c","Function","Global","Imported","54","0"
"StoreImage","8003fb8c","Function","Global","User Defined","0","0"
"MoveImage","8003fbec","Function","Global","Imported","2","0"
"SYS_OBJ_740","8003fc44","Instruction Label","Global","Imported","1","0"
"SYS_OBJ_788","8003fc8c","Function","Global","User Defined","2","0"
"ClearOTag","8003fca4","Function","Global","Imported","6","0"
"SYS_OBJ_7E4","8003fce8","Instruction Label","Global","Imported","1","0"
"SYS_OBJ_7F8","8003fcfc","Instruction Label","Global","Imported","1","0"
"SYS_OBJ_820","8003fd24","Instruction Label","Global","Imported","1","0"
"ClearOTagR","8003fd6c","Function","Global","Imported","2","0"
"SYS_OBJ_8B0","8003fdb4","Instruction Label","Global","Imported","1","0"
"DrawPrim","8003fe18","Function","Global","User Defined","0","0"
"DrawOTag","8003fe74","Function","Global","Imported","7","0"
"SYS_OBJ_9AC","8003feb0","Instruction Label","Global","Imported","1","0"
"PutDrawEnv","8003fee4","Function","Global","Imported","10","0"
"SYS_OBJ_A2C","8003ff30","Instruction Label","Global","Imported","1","0"
"DrawOTagEnv","8003ffa4","Function","Global","User Defined","0","0"
"SYS_OBJ_AF8","8003fffc","Instruction Label","Global","Imported","1","0"
"GetDrawEnv","8004007c","Function","Global","User Defined","0","0"
"PutDispEnv","800400b0","Function","Global","Imported","9","0"
"SYS_OBJ_BFC","80040100","Instruction Label","Global","Imported","1","0"
"SYS_OBJ_CA4","800401a8","Instruction Label","Global","Imported","4","0"
"SYS_OBJ_CC4","800401c8","Instruction Label","Global","Imported","1","0"
"SYS_OBJ_CD8","800401dc","Instruction Label","Global","Imported","1","0"
"SYS_OBJ_CEC","800401f0","Instruction Label","Global","Imported","1","0"
"SYS_OBJ_D04","80040208","Instruction Label","Global","Imported","1","0"
"SYS_OBJ_D28","8004022c","Instruction Label","Global","Imported","1","0"
"SYS_OBJ_D38","8004023c","Instruction Label","Global","Imported","1","0"
"SYS_OBJ_D48","8004024c","Instruction Label","Global","Imported","1","0"
"SYS_OBJ_D4C","80040250","Function","Global","User Defined","4","0"
"SYS_OBJ_D60","80040264","Instruction Label","Global","Imported","1","0"
"SYS_OBJ_D6C","80040270","Instruction Label","Global","Imported","1","0"
"SYS_OBJ_D90","80040294","Instruction Label","Global","Imported","1","0"
"SYS_OBJ_E08","8004030c","Instruction Label","Global","Imported","4","0"
"SYS_OBJ_E28","8004032c","Instruction Label","Global","Imported","1","0"
"SYS_OBJ_E3C","80040340","Instruction Label","Global","Imported","1","0"
"SYS_OBJ_E78","8004037c","Instruction Label","Global","Imported","4","0"
"SYS_OBJ_EE0","800403e4","Instruction Label","Global","Imported","1","0"
"SYS_OBJ_F0C","80040410","Instruction Label","Global","Imported","2","0"
"SYS_OBJ_F40","80040444","Instruction Label","Global","Imported","1","0"
"SYS_OBJ_F44","80040448","Instruction Label","Global","Imported","1","0"
"SYS_OBJ_F60","80040464","Instruction Label","Global","Imported","1","0"
"SYS_OBJ_F64","80040468","Function","Global","User Defined","2","0"
"SYS_OBJ_F80","80040484","Instruction Label","Global","Imported","1","0"
"SYS_OBJ_F9C","800404a0","Instruction Label","Global","Imported","2","0"
"SYS_OBJ_FD0","800404d4","Instruction Label","Global","Imported","1","0"
"SYS_OBJ_FD4","800404d8","Instruction Label","Global","Imported","1","0"
"SYS_OBJ_FF0","800404f4","Instruction Label","Global","Imported","1","0"
"SYS_OBJ_FF4","800404f8","Function","Global","User Defined","2","0"
"SYS_OBJ_100C","80040510","Function","Global","User Defined","1","0"
"SYS_OBJ_1018","8004051c","Instruction Label","Global","Imported","3","0"
"SYS_OBJ_1074","80040578","Instruction Label","Global","Imported","1","0"
"GetDispEnv","800405a8","Function","Global","Imported","1","0"
"GetODE","800405dc","Function","Global","User Defined","0","0"
"SetTexWindow","8004060c","Function","Global","User Defined","0","0"
"SetDrawArea","80040644","Function","Global","Imported","20","0"
"SetDrawOffset","800406c4","Function","Global","User Defined","0","0"
"SetPriority","80040704","Function","Global","User Defined","0","0"
"SYS_OBJ_1214","80040718","Instruction Label","Global","Imported","1","0"
"SetDrawStp","8004072c","Function","Global","User Defined","0","0"
"SYS_OBJ_1240","80040744","Instruction Label","Global","Imported","1","0"
"SYS_OBJ_1244","80040748","Function","Global","User Defined","1","0"
"SetDrawMode","80040754","Function","Global","Imported","28","0"
"SetDrawEnv","800407a8","Function","Global","User Defined","0","0"
"SYS_OBJ_13C0","800408c4","Instruction Label","Global","Imported","2","0"
"SYS_OBJ_13FC","80040900","Instruction Label","Global","Imported","1","0"
"SYS_OBJ_1400","80040904","Function","Global","User Defined","2","0"
"SYS_OBJ_1480","80040984","Instruction Label","Global","Imported","1","0"
"SYS_OBJ_149C","800409a0","Function","Global","Imported","2","0"
"SYS_OBJ_15B8","80040abc","Instruction Label","Global","Imported","2","0"
"SYS_OBJ_15F4","80040af8","Instruction Label","Global","Imported","1","0"
"SYS_OBJ_15F8","80040afc","Function","Global","User Defined","2","0"
"SYS_OBJ_1620","80040b24","Instruction Label","Global","Imported","1","0"
"SYS_OBJ_1698","80040b9c","Instruction Label","Global","Imported","1","0"
"SYS_OBJ_16F0","80040bf4","Function","Global","User Defined","2","0"
"SYS_OBJ_170C","80040c10","Function","Global","Imported","3","0"
"SYS_OBJ_1718","80040c1c","Instruction Label","Global","Imported","1","0"
"SYS_OBJ_1724","80040c28","Instruction Label","Global","Imported","1","0"
"SYS_OBJ_172C","80040c30","Function","Global","Imported","3","0"
"SYS_OBJ_1764","80040c68","Instruction Label","Global","Imported","2","0"
"SYS_OBJ_17A4","80040ca8","Instruction Label","Global","Imported","1","0"
"SYS_OBJ_17A8","80040cac","Function","Global","User Defined","1","0"
"SYS_OBJ_17AC","80040cb0","Instruction Label","Global","Imported","1","0"
"SYS_OBJ_17C4","80040cc8","Function","Global","Imported","3","0"
"SYS_OBJ_17FC","80040d00","Instruction Label","Global","Imported","2","0"
"SYS_OBJ_183C","80040d40","Instruction Label","Global","Imported","1","0"
"SYS_OBJ_1840","80040d44","Function","Global","User Defined","1","0"
"SYS_OBJ_1844","80040d48","Instruction Label","Global","Imported","1","0"
"SYS_OBJ_185C","80040d60","Function","Global","Imported","3","0"
"SYS_OBJ_1878","80040d7c","Function","Global","Imported","4","0"
"SYS_OBJ_1888","80040d8c","Instruction Label","Global","Imported","1","0"
"SYS_OBJ_18F0","80040df4","Function","Global","User Defined","1","0"
"SYS_OBJ_18F8","80040dfc","Function","Global","User Defined","2","0"
"SYS_OBJ_1910","80040e14","Function","Global","Imported","2","0"
"SYS_OBJ_19AC","80040eb0","Instruction Label","Global","Imported","1","0"
"SYS_OBJ_19DC","80040ee0","Instruction Label","Global","Imported","2","0"
"SYS_OBJ_19F0","80040ef4","Function","Global","User Defined","3","0"
"SYS_OBJ_1A44","80040f48","Instruction Label","Global","Imported","1","0"
"SYS_OBJ_1A48","80040f4c","Function","Global","User Defined","2","0"
"SYS_OBJ_1A84","80040f88","Instruction Label","Global","Imported","1","0"
"SYS_OBJ_1A88","80040f8c","Function","Global","User Defined","2","0"
"SYS_OBJ_1AB0","80040fb4","Instruction Label","Global","Imported","1","0"
"SYS_OBJ_1B88","8004108c","Instruction Label","Global","Imported","1","0"
"SYS_OBJ_1BF8","800410fc","Function","Global","User Defined","1","0"
"SYS_OBJ_1C20","80041124","Function","Global","User Defined","3","0"
"SYS_OBJ_1C84","80041188","Instruction Label","Global","Imported","1","0"
"SYS_OBJ_1C88","8004118c","Function","Global","User Defined","2","0"
"SYS_OBJ_1CC0","800411c4","Instruction Label","Global","Imported","1","0"
"SYS_OBJ_1CC4","800411c8","Function","Global","User Defined","1","0"
"SYS_OBJ_1CC8","800411cc","Instruction Label","Global","Imported","1","0"
"SYS_OBJ_1CFC","80041200","Instruction Label","Global","Imported","1","0"
"SYS_OBJ_1D2C","80041230","Instruction Label","Global","Imported","1","0"
"SYS_OBJ_1D5C","80041260","Instruction Label","Global","Imported","1","0"
"SYS_OBJ_1D90","80041294","Instruction Label","Global","Imported","1","0"
"SYS_OBJ_1DCC","800412d0","Instruction Label","Global","Imported","1","0"
"SYS_OBJ_1DE8","800412ec","Instruction Label","Global","Imported","1","0"
"SYS_OBJ_1E34","80041338","Instruction Label","Global","Imported","1","0"
"SYS_OBJ_1E38","8004133c","Function","Global","User Defined","2","0"
"SYS_OBJ_1E5C","80041360","Function","Global","User Defined","3","0"
"SYS_OBJ_1EB8","800413bc","Instruction Label","Global","Imported","1","0"
"SYS_OBJ_1EBC","800413c0","Function","Global","User Defined","2","0"
"SYS_OBJ_1EF4","800413f8","Instruction Label","Global","Imported","1","0"
"SYS_OBJ_1EF8","800413fc","Function","Global","User Defined","1","0"
"SYS_OBJ_1EFC","80041400","Instruction Label","Global","Imported","1","0"
"SYS_OBJ_1F30","80041434","Instruction Label","Global","Imported","1","0"
"SYS_OBJ_1F60","80041464","Instruction Label","Global","Imported","1","0"
"SYS_OBJ_1F90","80041494","Instruction Label","Global","Imported","1","0"
"SYS_OBJ_200C","80041510","Instruction Label","Global","Imported","1","0"
"SYS_OBJ_203C","80041540","Instruction Label","Global","Imported","1","0"
"SYS_OBJ_204C","80041550","Instruction Label","Global","Imported","1","0"
"SYS_OBJ_206C","80041570","Instruction Label","Global","Imported","1","0"
"SYS_OBJ_20B8","800415bc","Instruction Label","Global","Imported","1","0"
"SYS_OBJ_20BC","800415c0","Function","Global","User Defined","3","0"
"SYS_OBJ_20DC","800415e0","Function","Global","Imported","6","0"
"SYS_OBJ_2100","80041604","Function","Global","User Defined","1","0"
"SYS_OBJ_2114","80041618","Function","Global","User Defined","2","0"
"SYS_OBJ_2130","80041634","Instruction Label","Global","Imported","1","0"
"SYS_OBJ_214C","80041650","Instruction Label","Global","Imported","1","0"
"SYS_OBJ_2154","80041658","Function","Global","Imported","8","0"
"SYS_OBJ_219C","800416a0","Function","Global","Imported","3","0"
"SYS_OBJ_21CC","800416d0","Function","Global","User Defined","0","0"
"SYS_OBJ_21F0","800416f4","Function","Global","Imported","10","0"
"SYS_OBJ_2224","80041728","Instruction Label","Global","Imported","1","0"
"SYS_OBJ_223C","80041740","Function","Global","User Defined","1","0"
"SYS_OBJ_22D0","800417d4","Instruction Label","Global","Imported","1","0"
"SYS_OBJ_22DC","800417e0","Instruction Label","Global","Imported","1","0"
"SYS_OBJ_2314","80041818","Instruction Label","Global","Imported","3","0"
"SYS_OBJ_233C","80041840","Function","Global","User Defined","1","0"
"SYS_OBJ_2348","8004184c","Instruction Label","Global","Imported","1","0"
"SYS_OBJ_238C","80041890","Instruction Label","Global","Imported","1","0"
"SYS_OBJ_23D0","800418d4","Instruction Label","Global","Imported","1","0"
"SYS_OBJ_23F4","800418f8","Function","Global","User Defined","1","0"
"SYS_OBJ_2484","80041988","Function","Global","User Defined","2","0"
"SYS_OBJ_24A0","800419a4","Function","Global","Imported","7","0"
"SYS_OBJ_2518","80041a1c","Instruction Label","Global","Imported","1","0"
"SYS_OBJ_2554","80041a58","Instruction Label","Global","Imported","2","0"
"SYS_OBJ_2574","80041a78","Instruction Label","Global","Imported","1","0"
"SYS_OBJ_2588","80041a8c","Instruction Label","Global","Imported","1","0"
"SYS_OBJ_2650","80041b54","Instruction Label","Global","Imported","3","0"
"SYS_OBJ_26D0","80041bd4","Instruction Label","Global","Imported","4","0"
"SYS_OBJ_26EC","80041bf0","Instruction Label","Global","Imported","1","0"
"SYS_OBJ_2700","80041c04","Function","Global","Imported","4","0"
"SYS_OBJ_2760","80041c64","Instruction Label","Global","Imported","1","0"
"SYS_OBJ_2770","80041c74","Instruction Label","Global","Imported","1","0"
"SYS_OBJ_27D0","80041cd4","Instruction Label","Global","Imported","2","0"
"SYS_OBJ_281C","80041d20","Function","Global","User Defined","3","0"
"SYS_OBJ_2840","80041d44","Instruction Label","Global","Imported","1","0"
"SYS_OBJ_2850","80041d54","Function","Global","Imported","3","0"
"SYS_OBJ_2870","80041d74","Function","Global","User Defined","1","0"
"SYS_OBJ_2888","80041d8c","Function","Global","User Defined","1","0"
"SYS_OBJ_28AC","80041db0","Instruction Label","Global","Imported","2","0"
"SYS_OBJ_28BC","80041dc0","Instruction Label","Global","Imported","1","0"
"SYS_OBJ_2904","80041e08","Instruction Label","Global","Imported","1","0"
"SYS_OBJ_2930","80041e34","Instruction Label","Global","Imported","1","0"
"SYS_OBJ_2970","80041e74","Instruction Label","Global","Imported","1","0"
"SYS_OBJ_297C","80041e80","Function","Global","User Defined","5","0"
"SYS_OBJ_298C","80041e90","Function","Global","Imported","5","0"
"SYS_OBJ_29C0","80041ec4","Function","Global","Imported","11","0"
"SYS_OBJ_2A14","80041f18","Instruction Label","Global","Imported","1","0"
"SYS_OBJ_2AF0","80041ff4","Instruction Label","Global","Imported","1","0"
"SYS_OBJ_2AF4","80041ff8","Function","Global","User Defined","1","0"
"SYS_OBJ_2B04","80042008","Function","Global","Imported","1","0"
"SYS_OBJ_2B74","80042078","Instruction Label","Global","Imported","1","0"
"SYS_OBJ_2B98","8004209c","Instruction Label","Global","Imported","1","0"
"SYS_OBJ_2B9C","800420a0","Function","Global","User Defined","2","0"
"LoadImage2","800420a8","Function","Global","User Defined","0","0"
"SYS_OBJ_2BFC","80042100","Instruction Label","Global","Imported","2","0"
"SYS_OBJ_2C20","80042124","Function","Global","User Defined","1","0"
"SYS_OBJ_2C7C","80042180","Instruction Label","Global","Imported","1","0"
"StoreImage2","80042194","Function","Global","User Defined","0","0"
"SYS_OBJ_2CE8","800421ec","Instruction Label","Global","Imported","2","0"
"SYS_OBJ_2D0C","80042210","Function","Global","User Defined","1","0"
"SYS_OBJ_2D68","8004226c","Instruction Label","Global","Imported","1","0"
"MoveImage2","80042280","Function","Global","Imported","1","0"
"SYS_OBJ_2DDC","800422e0","Instruction Label","Global","Imported","2","0"
"SYS_OBJ_2E00","80042304","Function","Global","User Defined","1","0"
"SYS_OBJ_2E64","80042368","Instruction Label","Global","Imported","1","0"
"SYS_OBJ_2EA8","800423ac","Function","Global","User Defined","3","0"
"DrawOTag2","800423c4","Function","Global","User Defined","0","0"
"SYS_OBJ_2EFC","80042400","Instruction Label","Global","Imported","1","0"
"SYS_OBJ_2F2C","80042430","Instruction Label","Global","Imported","2","0"
"SYS_OBJ_2F50","80042454","Function","Global","User Defined","1","0"
"SYS_OBJ_2FAC","800424b0","Instruction Label","Global","Imported","1","0"
"SYS_OBJ_2FBC","800424c0","Function","Global","User Defined","4","0"
"SYS_OBJ_2FE4","800424e8","Function","Global","Imported","6","0"
"SYS_OBJ_2FF0","800424f4","Instruction Label","Global","Imported","1","0"
"SYS_OBJ_3000","80042504","Instruction Label","Global","Imported","1","0"
"GPU_cw","80042514","Function","Global","Imported","1","0"
"memcpy","80042524","Function","Global","Imported","5","0"
"OpenTIM","80042534","Function","Global","Imported","37","0"
"ReadTIM","80042544","Function","Global","Imported","37","0"
"TMD_OBJ_60","80042594","Instruction Label","Global","Imported","1","0"
"TMD_OBJ_64","80042598","Function","Global","User Defined","1","0"
"OpenTMD","800425a8","Function","Global","User Defined","0","0"
"ReadTMD","800425e8","Function","Global","User Defined","0","0"
"TMD_OBJ_34C","80042880","Instruction Label","Global","Imported","1","0"
"TMD_OBJ_35C","80042890","Function","Global","Imported","1","0"
"TMD_OBJ_390","800428c4","Instruction Label","Global","Imported","1","0"
"TMD_OBJ_3BC","800428f0","Instruction Label","Global","Imported","1","0"
"TMD_OBJ_3DC","80042910","Instruction Label","Global","Imported","1","0"
"TMD_OBJ_3FC","80042930","Instruction Label","Global","Imported","1","0"
"TMD_OBJ_430","80042964","Instruction Label","Global","Imported","1","0"
"TMD_OBJ_43C","80042970","Function","Global","User Defined","1","0"
"TMD_OBJ_45C","80042990","Function","Global","User Defined","1","0"
"TMD_OBJ_474","800429a8","Function","Global","User Defined","1","0"
"TMD_OBJ_4C0","800429f4","Instruction Label","Global","Imported","1","0"
"TMD_OBJ_4EC","80042a20","Instruction Label","Global","Imported","1","0"
"TMD_OBJ_51C","80042a50","Instruction Label","Global","Imported","1","0"
"TMD_OBJ_54C","80042a80","Instruction Label","Global","Imported","1","0"
"TMD_OBJ_584","80042ab8","Instruction Label","Global","Imported","1","0"
"TMD_OBJ_5E8","80042b1c","Function","Global","User Defined","1","0"
"TMD_OBJ_69C","80042bd0","Instruction Label","Global","Imported","1","0"
"TMD_OBJ_6B0","80042be4","Instruction Label","Global","Imported","1","0"
"TMD_OBJ_6DC","80042c10","Instruction Label","Global","Imported","1","0"
"TMD_OBJ_6F0","80042c24","Instruction Label","Global","Imported","1","0"
"TMD_OBJ_734","80042c68","Instruction Label","Global","Imported","1","0"
"TMD_OBJ_748","80042c7c","Instruction Label","Global","Imported","1","0"
"TMD_OBJ_774","80042ca8","Instruction Label","Global","Imported","1","0"
"TMD_OBJ_788","80042cbc","Instruction Label","Global","Imported","1","0"
"TMD_OBJ_7E4","80042d18","Instruction Label","Global","Imported","1","0"
"TMD_OBJ_7F8","80042d2c","Instruction Label","Global","Imported","1","0"
"TMD_OBJ_824","80042d58","Instruction Label","Global","Imported","1","0"
"TMD_OBJ_838","80042d6c","Instruction Label","Global","Imported","1","0"
"TMD_OBJ_87C","80042db0","Instruction Label","Global","Imported","1","0"
"TMD_OBJ_890","80042dc4","Instruction Label","Global","Imported","1","0"
"TMD_OBJ_8BC","80042df0","Instruction Label","Global","Imported","1","0"
"TMD_OBJ_8DC","80042e10","Instruction Label","Global","Imported","2","0"
"TMD_OBJ_8FC","80042e30","Instruction Label","Global","Imported","1","0"
"TMD_OBJ_9B4","80042ee8","Instruction Label","Global","Imported","2","0"
"TMD_OBJ_9D4","80042f08","Instruction Label","Global","Imported","1","0"
"TMD_OBJ_A8C","80042fc0","Instruction Label","Global","Imported","2","0"
"TMD_OBJ_AAC","80042fe0","Instruction Label","Global","Imported","1","0"
"TMD_OBJ_B58","8004308c","Instruction Label","Global","Imported","2","0"
"TMD_OBJ_B78","800430ac","Instruction Label","Global","Imported","1","0"
"TMD_OBJ_C24","80043158","Instruction Label","Global","Imported","2","0"
"TMD_OBJ_C44","80043178","Instruction Label","Global","Imported","1","0"
"TMD_OBJ_CD8","8004320c","Instruction Label","Global","Imported","2","0"
"TMD_OBJ_CF8","8004322c","Instruction Label","Global","Imported","1","0"
"TMD_OBJ_D8C","800432c0","Instruction Label","Global","Imported","2","0"
"TMD_OBJ_DAC","800432e0","Instruction Label","Global","Imported","1","0"
"TMD_OBJ_EA0","800433d4","Instruction Label","Global","Imported","2","0"
"TMD_OBJ_EC0","800433f4","Instruction Label","Global","Imported","1","0"
"TMD_OBJ_FB4","800434e8","Instruction Label","Global","Imported","2","0"
"TMD_OBJ_FD4","80043508","Instruction Label","Global","Imported","1","0"
"TMD_OBJ_10C8","800435fc","Instruction Label","Global","Imported","2","0"
"TMD_OBJ_10E8","8004361c","Instruction Label","Global","Imported","1","0"
"TMD_OBJ_11DC","80043710","Instruction Label","Global","Imported","2","0"
"TMD_OBJ_11FC","80043730","Instruction Label","Global","Imported","1","0"
"TMD_OBJ_12D8","8004380c","Instruction Label","Global","Imported","2","0"
"TMD_OBJ_12F8","8004382c","Instruction Label","Global","Imported","1","0"
"TMD_OBJ_13D4","80043908","Instruction Label","Global","Imported","2","0"
"TMD_OBJ_13F4","80043928","Instruction Label","Global","Imported","1","0"
"TMD_OBJ_14B8","800439ec","Instruction Label","Global","Imported","2","0"
"TMD_OBJ_14D8","80043a0c","Instruction Label","Global","Imported","1","0"
"TMD_OBJ_159C","80043ad0","Instruction Label","Global","Imported","2","0"
"TMD_OBJ_15BC","80043af0","Instruction Label","Global","Imported","1","0"
"TMD_OBJ_16F8","80043c2c","Instruction Label","Global","Imported","2","0"
"TMD_OBJ_1718","80043c4c","Instruction Label","Global","Imported","1","0"
"TMD_OBJ_1854","80043d88","Function","Global","User Defined","16","0"
"TMD_OBJ_186C","80043da0","Function","Global","User Defined","16","0"
"GetTPage","80043db4","Function","Global","Imported","35","0"
"GetClut","80043df4","Function","Global","Imported","53","0"
"AddPrim","80043e14","Function","Global","Imported","112","0"
"TermPrim","80043e54","Function","Global","User Defined","1","0"
"setPrimitiveSemiTrans","80043e74","Function","Global","User Defined","107","0"
"setShadeTexFlag","80043ea4","Function","Global","User Defined","58","0"
"SetPolyFT4","80043ed4","Function","Global","User Defined","5","0"
"SetPolyG4","80043ef4","Function","Global","User Defined","6","0"
"SetSprt8","80043f14","Function","Global","User Defined","2","0"
"SetSprt16","80043f34","Function","Global","User Defined","4","0"
"setSpritePrimitive","80043f54","Function","Global","User Defined","15","0"
"setTilePrimitive","80043f74","Function","Global","User Defined","7","0"
"setLineF2","80043f94","Function","Global","User Defined","2","0"
"SetLineF3","80043fb4","Function","Global","Imported","1","0"
"SetDrawTPage","80043fd4","Function","Global","Imported","36","0"
"P33_OBJ_14","80043fe8","Instruction Label","Global","Imported","1","0"
"P33_OBJ_20","80043ff4","Instruction Label","Global","Imported","1","0"
"PCopen","80044004","Function","Global","Imported","2","0"
"OPEN_OBJ_18","8004401c","Instruction Label","Global","Imported","1","0"
"PCclose","80044024","Function","Global","User Defined","1","0"
"PCcreat","80044034","Function","Global","Imported","1","0"
"CREAT_OBJ_18","8004404c","Instruction Label","Global","Imported","1","0"
"start","80044054","Function","Global","User Defined","1","0"
"SNMAIN_OBJ_10","80044064","Instruction Label","Global","Imported","1","0"
"__main","800440fc","Function","Global","Imported","1","0"
"SNMAIN_OBJ_E8","8004413c","Instruction Label","Global","Imported","1","0"
"SNMAIN_OBJ_100","80044154","Instruction Label","Global","Imported","2","0"
"__do_global_dtors","8004416c","Function","Global","User Defined","0","0"
"SNMAIN_OBJ_150","800441a4","Instruction Label","Global","Imported","1","0"
"SNMAIN_OBJ_168","800441bc","Instruction Label","Global","Imported","2","0"
"InitHeap","800441d4","Function","Global","Imported","1","0"
"PCinit","800441e4","Function","Global","User Defined","1","0"
"PCread","800441f0","Function","Global","Imported","1","0"
"READ_OBJ_44","80044234","Instruction Label","Global","Imported","1","0"
"READ_OBJ_50","80044240","Instruction Label","Global","Imported","1","0"
"READ_OBJ_74","80044264","Instruction Label","Global","Imported","1","0"
"READ_OBJ_90","80044280","Instruction Label","Global","Imported","2","0"
"READ_OBJ_94","80044284","Function","Global","User Defined","1","0"
"_SN_write","800442b0","Function","Global","Imported","1","0"
"SNWRITE_OBJ_10","800442c0","Instruction Label","Global","Imported","1","0"
"_card_info","800442c8","Function","Global","Imported","2","0"
"_card_load","800442d8","Function","Global","Imported","1","0"
"_card_clear","800442e8","Function","Global","Imported","1","0"
"_card_write","80044328","Function","Global","Imported","1","0"
"_new_card","80044338","Function","Global","Imported","1","0"
"initMemoryCardSystem","80044348","Function","Global","User Defined","1","0"
"startMemoryCardSystem","800443b4","Function","Global","User Defined","1","0"
"SetInitPadFlag","80044418","Function","Global","User Defined","0","0"
"ReadInitPadFlag","80044424","Function","Global","Imported","1","0"
"PAD_init","80044434","Function","Global","User Defined","0","0"
"InitPAD","800444c4","Function","Global","User Defined","0","0"
"StartPAD","80044554","Function","Global","User Defined","0","0"
"StopPAD","80044584","Function","Global","User Defined","0","0"
"PAD_OBJ_1A4","800445bc","Function","Global","User Defined","2","0"
"PAD_OBJ_21C","80044634","Function","Global","User Defined","1","0"
"PAD_OBJ_254","8004466c","Function","Global","User Defined","1","0"
"PAD_OBJ_290","800446a8","Instruction Label","Global","Imported","1","0"
"PAD_OBJ_2B0","800446c8","Instruction Label","Global","Imported","1","0"
"PAD_OBJ_2BC","800446d4","Function","Global","User Defined","1","0"
"PAD_OBJ_2F4","8004470c","Instruction Label","Global","Imported","2","0"
"InitPAD2","80044718","Function","Global","User Defined","1","0"
"StartPAD2","80044728","Function","Global","User Defined","1","0"
"StopPAD2","80044738","Function","Global","User Defined","1","0"
"PAD_init2","80044748","Function","Global","User Defined","1","0"
"SysEnqIntRP","80044758","Function","Global","Imported","2","0"
"SysDeqIntRP","80044768","Function","Global","Imported","3","0"
"EnablePAD","80044778","Function","Global","User Defined","1","0"
"DisablePAD","8004478c","Function","Global","User Defined","1","0"
"_patch_pad","800447a0","Function","Global","User Defined","2","0"
"PATCH_OBJ_68","800447e0","Instruction Label","Global","Imported","1","0"
"_remove_ChgclrPAD","80044818","Function","Global","User Defined","2","0"
"CHCLRPAD_OBJ_30","80044848","Instruction Label","Global","Imported","1","0"
"InitCARD2","80044888","Function","Global","Imported","1","0"
"StartCARD2","80044898","Function","Global","Imported","1","0"
"StopCARD2","800448a8","Function","Global","User Defined","0","0"
"PATCH_OBJ_0","800448b8","Data Label","Global","Imported","1","0"
"PATCH_OBJ_18","800448d0","Instruction Label","Global","Imported","1","0"
"PATCH_OBJ_40","800448f8","Instruction Label","Global","Imported","1","0"
"PATCH_OBJ_68","80044920","Instruction Label","Global","Imported","0","0"
"PATCH_OBJ_70","80044928","Data Label","Global","Imported","1","0"
"PATCH_OBJ_84","8004493c","Data Label","Global","Imported","1","0"
"_patch_card","80044950","Function","Global","Imported","1","0"
"PATCH_OBJ_F4","800449ac","Instruction Label","Global","Imported","1","0"
"_patch_card2","800449e4","Function","Global","Imported","1","0"
"PATCH_OBJ_168","80044a20","Instruction Label","Global","Imported","1","0"
"_copy_memcard_patch","80044a54","Function","Global","Imported","1","0"
"PATCH_OBJ_1B0","80044a68","Instruction Label","Global","Imported","1","0"
"_SpuInit","80044b08","Function","Global","Imported","1","0"
"S_INI_OBJ_30","80044b38","Instruction Label","Global","Imported","1","0"
"S_INI_OBJ_40","80044b48","Instruction Label","Global","Imported","1","0"
"SpuStart","80044bf0","Function","Global","Imported","2","0"
"S_INI_OBJ_148","80044c50","Instruction Label","Global","Imported","1","0"
"_spu_init","80044c68","Function","Global","Imported","1","0"
"SPU_OBJ_88","80044cf0","Instruction Label","Global","Imported","1","0"
"SPU_OBJ_B0","80044d18","Instruction Label","Global","Imported","1","0"
"SPU_OBJ_D0","80044d38","Instruction Label","Global","Imported","1","0"
"SPU_OBJ_D4","80044d3c","Function","Global","User Defined","1","0"
"SPU_OBJ_138","80044da0","Instruction Label","Global","Imported","1","0"
"SPU_OBJ_1B0","80044e18","Instruction Label","Global","Imported","1","0"
"SPU_OBJ_240","80044ea8","Instruction Label","Global","Imported","1","0"
"SPU_OBJ_280","80044ee8","Function","Global","Imported","2","0"
"SPU_OBJ_2C8","80044f30","Instruction Label","Global","Imported","1","0"
"SPU_OBJ_2D4","80044f3c","Instruction Label","Global","Imported","1","0"
"SPU_OBJ_2E4","80044f4c","Instruction Label","Global","Imported","1","0"
"SPU_OBJ_300","80044f68","Instruction Label","Global","Imported","1","0"
"SPU_OBJ_348","80044fb0","Instruction Label","Global","Imported","1","0"
"SPU_OBJ_370","80044fd8","Instruction Label","Global","Imported","1","0"
"SPU_OBJ_390","80044ff8","Function","Global","User Defined","2","0"
"SPU_OBJ_3A8","80045010","Instruction Label","Global","Imported","1","0"
"SPU_OBJ_3DC","80045044","Instruction Label","Global","Imported","1","0"
"SPU_OBJ_404","8004506c","Instruction Label","Global","Imported","1","0"
"SPU_OBJ_424","8004508c","Function","Global","User Defined","2","0"
"_spu_FiDMA","800450a8","Function","Global","User Defined","1","0"
"SPU_OBJ_45C","800450c4","Instruction Label","Global","Imported","1","0"
"SPU_OBJ_490","800450f8","Instruction Label","Global","Imported","1","0"
"SPU_OBJ_4B0","80045118","Instruction Label","Global","Imported","2","0"
"SPU_OBJ_4E0","80045148","Instruction Label","Global","Imported","1","0"
"SPU_OBJ_4EC","80045154","Function","Global","User Defined","1","0"
"_spu_Fr_","80045164","Function","Global","User Defined","0","0"
"_spu_t","8004520c","Function","Global","Imported","9","0"
"SPU_OBJ_5EC","80045254","Instruction Label","Global","Imported","1","0"
"SPU_OBJ_604","8004526c","Instruction Label","Global","Imported","1","0"
"SPU_OBJ_630","80045298","Instruction Label","Global","Imported","1","0"
"SPU_OBJ_658","800452c0","Instruction Label","Global","Imported","1","0"
"SPU_OBJ_674","800452dc","Instruction Label","Global","Imported","1","0"
"SPU_OBJ_69C","80045304","Instruction Label","Global","Imported","1","0"
"SPU_OBJ_6C4","8004532c","Instruction Label","Global","Imported","1","0"
"SPU_OBJ_6E0","80045348","Instruction Label","Global","Imported","1","0"
"SPU_OBJ_704","8004536c","Instruction Label","Global","Imported","1","0"
"SPU_OBJ_71C","80045384","Instruction Label","Global","Imported","1","0"
"SPU_OBJ_73C","800453a4","Instruction Label","Global","Imported","1","0"
"SPU_OBJ_75C","800453c4","Instruction Label","Global","Imported","1","0"
"SPU_OBJ_780","800453e8","Instruction Label","Global","Imported","1","0"
"SPU_OBJ_78C","800453f4","Function","Global","User Defined","1","0"
"SPU_OBJ_800","80045468","Instruction Label","Global","Imported","1","0"
"SPU_OBJ_814","8004547c","Function","Global","User Defined","8","0"
"_spu_Fw","8004548c","Function","Global","Imported","1","0"
"SPU_OBJ_884","800454ec","Instruction Label","Global","Imported","1","0"
"SPU_OBJ_894","800454fc","Function","Global","User Defined","1","0"
"_spu_Fr","80045510","Function","Global","User Defined","1","0"
"_spu_FsetRXX","80045574","Function","Global","Imported","2","0"
"SPU_OBJ_92C","80045594","Instruction Label","Global","Imported","1","0"
"SPU_OBJ_948","800455b0","Function","Global","User Defined","1","0"
"_spu_FsetRXXa","800455b8","Function","Global","Imported","2","0"
"SPU_OBJ_980","800455e8","Instruction Label","Global","Imported","1","0"
"SPU_OBJ_9A0","80045608","Instruction Label","Global","Imported","2","0"
"SPU_OBJ_9D0","80045638","Instruction Label","Global","Imported","1","0"
"SPU_OBJ_9D8","80045640","Instruction Label","Global","Imported","1","0"
"SPU_OBJ_9EC","80045654","Function","Global","User Defined","2","0"
"_spu_FgetRXXa","8004565c","Function","Global","User Defined","0","0"
"SPU_OBJ_A24","8004568c","Instruction Label","Global","Imported","1","0"
"SPU_OBJ_A28","80045690","Function","Global","User Defined","1","0"
"_spu_FsetPCR","80045698","Function","Global","User Defined","0","0"
"SPU_OBJ_A68","800456d0","Instruction Label","Global","Imported","1","0"
"SPU_OBJ_A7C","800456e4","Function","Global","User Defined","1","0"
"SPU_OBJ_A88","800456f0","Function","Global","Imported","1","0"
"SPU_OBJ_AB0","80045718","Function","Global","Imported","2","0"
"_spu_Fw1ts","80045740","Function","Global","Imported","16","0"
"SPU_OBJ_AEC","80045754","Instruction Label","Global","Imported","1","0"
"SPU_OBJ_B18","80045780","Function","Global","User Defined","1","0"
"setSpuDmaCallback","800457a8","Function","Global","User Defined","2","0"
"SsUtReverbOff","800457d8","Function","Global","Imported","1","0"
"quitSpu","800457f8","Function","Global","User Defined","1","0"
"SpuInitMalloc","80045878","Function","Global","Imported","1","0"
"S_M_INIT_OBJ_14","8004588c","Instruction Label","Global","Imported","1","0"
"S_M_INIT_OBJ_4C","800458c4","Function","Global","User Defined","1","0"
"SpuSetNoiseClock","800458d8","Function","Global","Imported","1","0"
"S_SNC_OBJ_20","800458f8","Instruction Label","Global","Imported","2","0"
"SpuSetReverb","80045928","Function","Global","Imported","3","0"
"S_SR_OBJ_28","80045950","Instruction Label","Global","Imported","1","0"
"S_SR_OBJ_48","80045970","Instruction Label","Global","Imported","1","0"
"S_SR_OBJ_94","800459bc","Instruction Label","Global","Imported","2","0"
"S_SR_OBJ_B0","800459d8","Function","Global","User Defined","2","0"
"S_SR_OBJ_B4","800459dc","Function","Global","User Defined","1","0"
"_SpuIsInAllocateArea","800459f8","Function","Global","User Defined","0","0"
"S_M_UTIL_OBJ_1C","80045a14","Instruction Label","Global","Imported","1","0"
"S_M_UTIL_OBJ_2C","80045a24","Function","Global","User Defined","1","0"
"S_M_UTIL_OBJ_6C","80045a64","Instruction Label","Global","Imported","1","0"
"S_M_UTIL_OBJ_74","80045a6c","Instruction Label","Global","Imported","1","0"
"S_M_UTIL_OBJ_78","80045a70","Function","Global","User Defined","3","0"
"_SpuIsInAllocateArea_","80045a78","Function","Global","Imported","3","0"
"S_M_UTIL_OBJ_A4","80045a9c","Instruction Label","Global","Imported","1","0"
"S_M_UTIL_OBJ_B8","80045ab0","Function","Global","User Defined","1","0"
"S_M_UTIL_OBJ_F8","80045af0","Instruction Label","Global","Imported","1","0"
"S_M_UTIL_OBJ_100","80045af8","Instruction Label","Global","Imported","1","0"
"S_M_UTIL_OBJ_104","80045afc","Function","Global","User Defined","3","0"
"SpuSetIRQ","80045b08","Function","Global","Imported","10","0"
"S_SI_OBJ_18","80045b20","Instruction Label","Global","Imported","1","0"
"S_SI_OBJ_4C","80045b54","Instruction Label","Global","Imported","1","0"
"S_SI_OBJ_6C","80045b74","Instruction Label","Global","Imported","1","0"
"S_SI_OBJ_90","80045b98","Instruction Label","Global","Imported","1","0"
"S_SI_OBJ_94","80045b9c","Instruction Label","Global","Imported","1","0"
"S_SI_OBJ_A4","80045bac","Instruction Label","Global","Imported","1","0"
"S_SI_OBJ_D8","80045be0","Instruction Label","Global","Imported","1","0"
"S_SI_OBJ_F4","80045bfc","Function","Global","User Defined","1","0"
"S_SI_OBJ_104","80045c0c","Instruction Label","Global","Imported","1","0"
"S_SI_OBJ_128","80045c30","Instruction Label","Global","Imported","1","0"
"S_SI_OBJ_12C","80045c34","Function","Global","User Defined","2","0"
"SpuSetIRQAddr","80045c68","Function","Global","Imported","5","0"
"S_SIA_OBJ_2C","80045c94","Instruction Label","Global","Imported","1","0"
"S_SIA_OBJ_30","80045c98","Function","Global","User Defined","1","0"
"SpuSetIRQCallback","80045ca8","Function","Global","Imported","13","0"
"S_SIC_OBJ_28","80045cd0","Instruction Label","Global","Imported","1","0"
"_SpuCallback","80045ce8","Function","Global","User Defined","1","0"
"SpuRead","80045d18","Function","Global","User Defined","0","0"
"S_R_OBJ_28","80045d40","Instruction Label","Global","Imported","1","0"
"S_R_OBJ_4C","80045d64","Instruction Label","Global","Imported","1","0"
"spuWriteWithCallbackCheck","80045d78","Function","Global","User Defined","5","0"
"SpuSetTransferStartAddr","80045dd8","Function","Global","Imported","7","0"
"S_STSA_OBJ_48","80045e20","Instruction Label","Global","Imported","1","0"
"S_STSA_OBJ_4C","80045e24","Function","Global","User Defined","1","0"
"SpuSetTransferMode","80045e38","Function","Global","Imported","3","0"
"S_STM_OBJ_18","80045e50","Instruction Label","Global","Imported","1","0"
"S_STM_OBJ_1C","80045e54","Function","Global","User Defined","2","0"
"setSpuTransferCallback","80045e68","Function","Global","User Defined","8","0"
"SpuGetVoiceEnvelope","80045e98","Function","Global","Imported","1","0"
"SpuSetReverbModeType","80045eb8","Function","Global","Imported","1","0"
"S_SRMT_OBJ_30","80045ee8","Instruction Label","Global","Imported","1","0"
"S_SRMT_OBJ_5C","80045f14","Instruction Label","Global","Imported","1","0"
"S_SRMT_OBJ_64","80045f1c","Instruction Label","Global","Imported","1","0"
"S_SRMT_OBJ_98","80045f50","Instruction Label","Global","Imported","1","0"
"S_SRMT_OBJ_D0","80045f88","Instruction Label","Global","Imported","1","0"
"S_SRMT_OBJ_E8","80045fa0","Instruction Label","Global","Imported","1","0"
"S_SRMT_OBJ_FC","80045fb4","Function","Global","User Defined","1","0"
"S_SRMT_OBJ_10C","80045fc4","Function","Global","User Defined","2","0"
"S_SRMT_OBJ_140","80045ff8","Instruction Label","Global","Imported","1","0"
"S_SRMT_OBJ_17C","80046034","Instruction Label","Global","Imported","1","0"
"S_SRMT_OBJ_1B4","8004606c","Function","Global","User Defined","2","0"
"_spu_setReverbAttr","80046088","Function","Global","Imported","1","0"
"S_SRA_OBJ_1C","800460a4","Instruction Label","Global","Imported","1","0"
"S_SRA_OBJ_30","800460b8","Instruction Label","Global","Imported","1","0"
"S_SRA_OBJ_40","800460c8","Instruction Label","Global","Imported","1","0"
"S_SRA_OBJ_54","800460dc","Instruction Label","Global","Imported","1","0"
"S_SRA_OBJ_64","800460ec","Instruction Label","Global","Imported","1","0"
"S_SRA_OBJ_78","80046100","Instruction Label","Global","Imported","1","0"
"S_SRA_OBJ_88","80046110","Instruction Label","Global","Imported","1","0"
"S_SRA_OBJ_9C","80046124","Instruction Label","Global","Imported","1","0"
"S_SRA_OBJ_AC","80046134","Instruction Label","Global","Imported","1","0"
"S_SRA_OBJ_C0","80046148","Instruction Label","Global","Imported","1","0"
"S_SRA_OBJ_D0","80046158","Instruction Label","Global","Imported","1","0"
"S_SRA_OBJ_E4","8004616c","Instruction Label","Global","Imported","1","0"
"S_SRA_OBJ_F4","8004617c","Instruction Label","Global","Imported","1","0"
"S_SRA_OBJ_108","80046190","Instruction Label","Global","Imported","1","0"
"S_SRA_OBJ_118","800461a0","Instruction Label","Global","Imported","1","0"
"S_SRA_OBJ_12C","800461b4","Instruction Label","Global","Imported","1","0"
"S_SRA_OBJ_13C","800461c4","Instruction Label","Global","Imported","1","0"
"S_SRA_OBJ_150","800461d8","Instruction Label","Global","Imported","1","0"
"S_SRA_OBJ_160","800461e8","Instruction Label","Global","Imported","1","0"
"S_SRA_OBJ_174","800461fc","Instruction Label","Global","Imported","1","0"
"S_SRA_OBJ_184","8004620c","Instruction Label","Global","Imported","1","0"
"S_SRA_OBJ_198","80046220","Instruction Label","Global","Imported","1","0"
"S_SRA_OBJ_1A8","80046230","Instruction Label","Global","Imported","1","0"
"S_SRA_OBJ_1BC","80046244","Instruction Label","Global","Imported","1","0"
"S_SRA_OBJ_1CC","80046254","Instruction Label","Global","Imported","1","0"
"S_SRA_OBJ_1E0","80046268","Instruction Label","Global","Imported","1","0"
"S_SRA_OBJ_1F0","80046278","Instruction Label","Global","Imported","1","0"
"S_SRA_OBJ_204","8004628c","Instruction Label","Global","Imported","1","0"
"S_SRA_OBJ_214","8004629c","Instruction Label","Global","Imported","1","0"
"S_SRA_OBJ_228","800462b0","Instruction Label","Global","Imported","1","0"
"S_SRA_OBJ_238","800462c0","Instruction Label","Global","Imported","1","0"
"S_SRA_OBJ_24C","800462d4","Instruction Label","Global","Imported","1","0"
"S_SRA_OBJ_260","800462e8","Instruction Label","Global","Imported","1","0"
"S_SRA_OBJ_274","800462fc","Instruction Label","Global","Imported","1","0"
"S_SRA_OBJ_288","80046310","Instruction Label","Global","Imported","1","0"
"S_SRA_OBJ_29C","80046324","Instruction Label","Global","Imported","1","0"
"S_SRA_OBJ_2B0","80046338","Instruction Label","Global","Imported","1","0"
"S_SRA_OBJ_2C4","8004634c","Instruction Label","Global","Imported","1","0"
"S_SRA_OBJ_2D8","80046360","Instruction Label","Global","Imported","1","0"
"S_SRA_OBJ_2EC","80046374","Instruction Label","Global","Imported","1","0"
"S_SRA_OBJ_300","80046388","Instruction Label","Global","Imported","1","0"
"S_SRA_OBJ_314","8004639c","Instruction Label","Global","Imported","1","0"
"S_SRA_OBJ_328","800463b0","Instruction Label","Global","Imported","1","0"
"S_SRA_OBJ_33C","800463c4","Instruction Label","Global","Imported","1","0"
"S_SRA_OBJ_350","800463d8","Instruction Label","Global","Imported","1","0"
"S_SRA_OBJ_364","800463ec","Instruction Label","Global","Imported","1","0"
"S_SRA_OBJ_378","80046400","Instruction Label","Global","Imported","1","0"
"S_SRA_OBJ_38C","80046414","Instruction Label","Global","Imported","1","0"
"S_SRA_OBJ_3A0","80046428","Instruction Label","Global","Imported","1","0"
"S_SRA_OBJ_3B4","8004643c","Instruction Label","Global","Imported","1","0"
"S_SRA_OBJ_3C8","80046450","Instruction Label","Global","Imported","1","0"
"S_SRA_OBJ_3DC","80046464","Instruction Label","Global","Imported","1","0"
"S_SRA_OBJ_3F0","80046478","Instruction Label","Global","Imported","1","0"
"S_SRA_OBJ_404","8004648c","Instruction Label","Global","Imported","1","0"
"S_SRA_OBJ_418","800464a0","Instruction Label","Global","Imported","1","0"
"S_SRA_OBJ_42C","800464b4","Instruction Label","Global","Imported","1","0"
"S_SRA_OBJ_440","800464c8","Instruction Label","Global","Imported","1","0"
"S_SRA_OBJ_454","800464dc","Instruction Label","Global","Imported","1","0"
"S_SRA_OBJ_468","800464f0","Instruction Label","Global","Imported","1","0"
"S_SRA_OBJ_47C","80046504","Instruction Label","Global","Imported","1","0"
"S_SRA_OBJ_490","80046518","Instruction Label","Global","Imported","1","0"
"S_SRA_OBJ_4A4","8004652c","Instruction Label","Global","Imported","1","0"
"S_SRA_OBJ_4B4","8004653c","Instruction Label","Global","Imported","1","0"
"S_SRA_OBJ_4C8","80046550","Instruction Label","Global","Imported","1","0"
"SpuClearReverbWorkArea","80046558","Function","Global","Imported","1","0"
"S_CRWA_OBJ_58","800465b0","Instruction Label","Global","Imported","1","0"
"S_CRWA_OBJ_60","800465b8","Instruction Label","Global","Imported","1","0"
"S_CRWA_OBJ_84","800465dc","Instruction Label","Global","Imported","1","0"
"S_CRWA_OBJ_9C","800465f4","Function","Global","User Defined","1","0"
"S_CRWA_OBJ_BC","80046614","Instruction Label","Global","Imported","1","0"
"S_CRWA_OBJ_E8","80046640","Instruction Label","Global","Imported","1","0"
"S_CRWA_OBJ_EC","80046644","Instruction Label","Global","Imported","1","0"
"S_CRWA_OBJ_FC","80046654","Instruction Label","Global","Imported","1","0"
"S_CRWA_OBJ_150","800466a8","Instruction Label","Global","Imported","1","0"
"S_CRWA_OBJ_170","800466c8","Function","Global","User Defined","2","0"
"WaitEvent","800466f8","Function","Global","Imported","1","0"
"FUN_80046708","80046708","Function","Global","Default","1","0"
"getCurrentReverbMode","80046738","Function","Global","User Defined","1","0"
"GsResetInterruptHandlers","80046768","Function","Global","User Defined","2","0"
"getVibrationDeviceType","800467f4","Function","Global","User Defined","5","0"
"queueVibrationPlayback","80046b34","Function","Global","User Defined","1","0"
"sendVibrationCommand","80046bb4","Function","Global","User Defined","1","0"
"setupMovieIRQHandlers","80046d20","Function","Global","User Defined","1","0"
"checkAndHandleMovieInterrupt","80046d4c","Function","Global","User Defined","1","0"
"handleMovieFrameInterrupt","80046db4","Function","Global","User Defined","1","0"
"resetInterruptHandlersAndTimers","80046f58","Function","Global","User Defined","1","0"
"beginMovieFrameTransfer","80047068","Function","Global","User Defined","2","0"
"stepMovieFrameDecodePhase","8004739c","Function","Global","User Defined","1","0"
"FUN_8004748c","8004748c","Function","Global","Default","3","0"
"FUN_8004769c","8004769c","Function","Global","Default","4","0"
"waitForControllerReady","80047914","Function","Global","User Defined","7","0"
"waitForControllerAckBit","800479a4","Function","Global","User Defined","4","0"
"writeVibrationData","800479d8","Function","Global","User Defined","1","0"
"FUN_800479f4","800479f4","Function","Global","Default","1","0"
"processMovieCommandState","80047a78","Function","Global","User Defined","1","0"
"calculateTotalMovieChunkSize","80047ce8","Function","Global","User Defined","1","0"
"setupMovieFrameProcessing","80047d20","Function","Global","User Defined","1","0"
"handleMovieFrameCommand","80047df4","Function","Global","User Defined","1","0"
"processMovieFrameStep","80047e9c","Function","Global","User Defined","1","0"
"exitMovieFrameCopyLoop","8004821c","Instruction Label","Global","User Defined","1","0"
"setVibrationPlaybackState","80048294","Function","Global","User Defined","1","0"
"setupMovieCommandGeneric","8004852c","Function","Global","User Defined","2","0"
"FUN_8004854c","8004854c","Function","Global","Default","1","0"
"movieCmd_SetupType3","80048560","Function","Global","User Defined","2","0"
"movieCmd_SetupType2","80048580","Function","Global","User Defined","1","0"
"movieCmd_SetupType4","800485a0","Function","Global","User Defined","2","0"
"movieCmd_Abort","800485c0","Function","Global","User Defined","1","0"
"initMovieIRQSystem","80048be8","Function","Global","User Defined","1","0"
"flushMovieDecodeBuffer","80048d48","Instruction Label","Global","User Defined","1","0"
"handleMovieFrameDecoded","80048db0","Instruction Label","Global","User Defined","1","0"
"saveAndClearMovieCommandCode","80048ea4","Function","Global","User Defined","2","0"
"handleMovieBufferFilled","80048eb4","Instruction Label","Global","User Defined","1","0"
"handleMovieFrameReady","80048f70","Instruction Label","Global","User Defined","1","0"
"handleMoviePlaybackComplete","800491ec","Instruction Label","Global","User Defined","1","0"
"queryControllerState","80049224","Instruction Label","Global","User Defined","1","0"
"bzero","80049248","Function","Global","Imported","2","0"
"setupMovieIRQFunctionPointers","80049258","Function","Global","User Defined","1","0"
"updateMoviePlaybackControlState","8004928c","Function","Global","User Defined","1","0"
"processActiveMovieCommand","800492f8","Instruction Label","Global","User Defined","2","0"
"resetMovieFrameProcessing","80049350","Instruction Label","Global","User Defined","1","0"
"handleMoviePacketState","8004939c","Function","Global","User Defined","2","0"
"advanceToNextCommandState","800495a4","Instruction Label","Global","User Defined","1","0"
"FUN_80049600","80049600","Function","Global","Default","1","0"
"checkVibrationBusyStat","800496e0","Instruction Label","Global","User Defined","1","0"
"setRC2wait","80049718","Function","Global","Imported","12","0"
"chkRC2wait","80049738","Function","Global","Imported","7","0"
"WAITRC2_OBJ_64","8004977c","Instruction Label","Global","Imported","1","0"
"WAITRC2_OBJ_68","80049780","Function","Global","User Defined","2","0"
"WAITRC2_OBJ_A0","800497b8","Instruction Label","Global","Imported","1","0"
"WAITRC2_OBJ_B4","800497cc","Function","Global","User Defined","1","0"
"BUILDUP_UNDEFINED","800497d8","Data Label","Global","User Defined","1","1"
"playerNameBuffer","8004b40c","Data Label","Global","User Defined","7","0"
"tempNameBuffer2","8004b414","Data Label","Global","User Defined","4","0"
"protagonistNameBuffer","8004b41c","Data Label","Global","User Defined","7","0"
"tempNameBuffer1","8004b424","Data Label","Global","User Defined","4","0"
"animatedGlyphIdBuffer","8004b42c","Data Label","Global","User Defined","8","0"
"fallbackVibrationBuffer","8004b43c","Data Label","Global","User Defined","1","0"
"vibrationTriggerFlag","8004b43d","Data Label","Global","User Defined","2","0"
"fileGroupOffsetTable","8004b440","Data Label","Global","User Defined","5","0"
"movieSegmentDuration","8004c47c","Data Label","Global","User Defined","10","0"
"movieFadeStartY","8004c480","Data Label","Global","User Defined","8","0"
"movieFadeHeights","8004c484","Data Label","Global","User Defined","7","0"
"movieEffectFlags","8004c488","Data Label","Global","User Defined","8","0"
"movieVibrationFrame","8004c48c","Data Label","Global","User Defined","1","0"
"staticRandomTable","8004c9a4","Data Label","Global","User Defined","3","0"
"showDebugScriptData","8004caa8","Data Label","Global","User Defined","2","0"
"dbgScriptStepEnabled","8004caac","Data Label","Global","User Defined","2","0"
"dbgLabelEnabled","8004cab0","Data Label","Global","User Defined","2","0"
"dbgWatch","8004cab4","Data Label","Global","User Defined","2","0"
"dbgWatch16","8004cab8","Data Label","Global","User Defined","2","0"
"dbgWatchflag","8004cabc","Data Label","Global","User Defined","2","0"
"dbgShowCode","8004cac0","Data Label","Global","User Defined","2","0"
"showTaiwaData","8004cac4","Data Label","Global","User Defined","2","0"
"mspeed0","8004cac8","Data Label","Global","User Defined","2","0"
"enableFlagOrGlobalView","8004cacc","Data Label","Global","User Defined","2","0"
"audioTimerEventHandle","8004cad0","Data Label","Global","User Defined","4","0"
"audioRingBufferControl","8004caf0","Data Label","Global","User Defined","2","0"
"vsyncFrameCounter","8004ed60","Data Label","Global","User Defined","8","0"
"cdSystemFlags","8004edb4","Data Label","Global","User Defined","8","0"
"stRingBufferActive","8004ee68","Data Label","Global","User Defined","1","0"
"cdStatusCode","8004f160","Data Label","Global","User Defined","3","0"
"lastSectorCount","8004f164","Data Label","Global","User Defined","2","0"
"currentSectorCount","8004f168","Data Label","Global","User Defined","7","0"
"desiredCdMode","8004f16c","Data Label","Global","User Defined","5","0"
"lastVSyncFrame","8004f174","Data Label","Global","User Defined","20","0"
"readDelayFrame","8004f178","Data Label","Global","User Defined","3","0"
"startVSyncFrame","8004f17c","Data Label","Global","User Defined","5","0"
"lastReadSector","8004f180","Data Label","Global","User Defined","6","0"
"cdDataPending","8004f184","Data Label","Global","User Defined","9","0"
"GsWorkBase","80060410","Data Label","Global","User Defined","1","0"
"gFontBufferMaxLength","8006043c","Data Label","Global","User Defined","6","0"
"gFontBufferBaseTable","80060444","Data Label","Global","User Defined","10","0"
"gFontBufferWriteIndex","80060448","Data Label","Global","User Defined","11","0"
"gFontSlotCount","800605a0","Data Label","Global","User Defined","14","0"
"gDefaultFontSlot","800605a4","Data Label","Global","User Defined","3","0"
"isRuntimeActive","80061150","Data Label","Global","User Defined","3","0"
"currentReverbMode","800611c0","Data Label","Global","User Defined","3","0"
"isSpuInitialized","8006120c","Data Label","Global","User Defined","4","0"
"spuTransferInProgress","80061250","Data Label","Global","User Defined","3","0"
"spuTransferCallback","80061254","Data Label","Global","User Defined","12","0"
"spuTransferFlag","80061258","Data Label","Global","User Defined","4","0"
"onMovieFrameDecoded","80061974","Data Label","Global","User Defined","5","0"
"flushMovieBufferFunc","80061978","Data Label","Global","User Defined","9","0"
"onMovieBufferFilled","8006197c","Data Label","Global","User Defined","5","0"
"onMovieFrameReady","80061980","Data Label","Global","User Defined","3","0"
"onMoviePlaybackComplete","80061984","Data Label","Global","User Defined","1","0"
"getActiveControllerState","80061988","Data Label","Global","User Defined","4","0"
"movieControlHandler","8006198c","Data Label","Global","User Defined","6","0"
"isVibrationSystemBusy","80061990","Data Label","Global","User Defined","3","0"
"moviePacketHandler","80061994","Data Label","Global","User Defined","6","0"
"getMoviePlaybackStatus","80061998","Data Label","Global","User Defined","3","0"
"movieIRQHandler","8006199c","Data Label","Global","User Defined","1","0"
"movieProcessingBufferBase","800619a8","Data Label","Global","User Defined","7","0"
"movieIRQSystemInitialized","800619ac","Data Label","Global","User Defined","5","0"
"movieDecodeLoopIndex","800619b4","Data Label","Global","User Defined","12","0"
"movieDecodePhaseIndex","800619b8","Data Label","Global","User Defined","10","0"
"movieFrameDecodeError","800619bc","Data Label","Global","User Defined","6","0"
"movieIRQStatus","800619c0","Data Label","Global","User Defined","3","0"
"movieDecodeBufferEndIndex","800619c4","Data Label","Global","User Defined","3","0"
"movieDecodeBufferStartIndex","800619c8","Data Label","Global","User Defined","5","0"
"moviePacketCounterTable","800619cc","Data Label","Global","User Defined","10","0"
"I_STAT_Pointer","800619d4","Data Label","Global","User Defined","11","0"
"controllerReadyFlag","800619dc","Data Label","Global","User Defined","1","0"
"movieDecodePhaseTable","800619f8","Data Label","Global","User Defined","1","0"
"gScriptBuildTimestamp","80061a1c","Data Label","Global","User Defined","1","0"
"gAsciiConversionTemp1","80061a20","Data Label","Global","User Defined","1","0"
"gAsciiConversionTemp2","80061a24","Data Label","Global","User Defined","1","0"
"FORWARD_SLASH","80061a28","Data Label","Global","User Defined","2","0"
"SPACE","80061a2c","Data Label","Global","User Defined","1","0"
"COLON","80061a30","Data Label","Global","User Defined","2","0"
"_NEWLINE_","80061a34","Data Label","Global","User Defined","1","0"
"DATA_EQUALS","80061a40","Data Label","Global","User Defined","2","0"
"isSelectionHighlighted","80061a54","Data Label","Global","User Defined","7","0"
"MOUSE","80061a68","Data Label","Global","User Defined","2","0"
"NORMAL","80061a70","Data Label","Global","User Defined","1","0"
"UNKNOWN","80061a78","Data Label","Global","User Defined","1","0"
"_READ_NEWLINE","80061a80","Data Label","Global","User Defined","1","0"
"_READY_NEWLINE","80061a88","Data Label","Global","User Defined","1","0"
"READY","80061a90","Data Label","Global","User Defined","1","0"
"BUSY","80061a98","Data Label","Global","User Defined","1","0"
"chapterTitleFrameCounter","80061aa0","Data Label","Global","User Defined","23","0"
"chapterTitleStep","80061aa4","Data Label","Global","User Defined","10","0"
"cutsceneTriggerFlag","80061aa8","Data Label","Global","User Defined","3","0"
"NEWLINE","80061abc","Data Label","Global","User Defined","3","0"
"READY","80061ac0","Data Label","Global","User Defined","1","0"
"ERR","80061ac8","Data Label","Global","User Defined","1","0"
"BUSSY","80061acc","Data Label","Global","User Defined","1","0"
"_ERR","80061ad4","Data Label","Global","User Defined","1","0"
"_BUSSY","80061ad8","Data Label","Global","User Defined","1","0"
"READY_SLASHN","80061ae8","Data Label","Global","User Defined","1","0"
"START_SLASHN","80061af0","Data Label","Global","User Defined","1","0"
"queuedMovieId","80061af8","Data Label","Global","User Defined","3","0"
"READY_SLASHN","80061afc","Data Label","Global","User Defined","1","0"
"BUSY_SLASHN","80061b04","Data Label","Global","User Defined","1","0"
"NEWLINE","80061b0c","Data Label","Global","User Defined","2","0"
"MOVIE","80061b20","Data Label","Global","User Defined","0","0"
"MOVIEF","80061b28","Data Label","Global","User Defined","1","0"
"NO_USE","80061b48","Data Label","Global","User Defined","2","0"
"LOAD","80061b50","Data Label","Global","User Defined","1","0"
"LOADF","80061b58","Data Label","Global","User Defined","1","0"
"MOVIE","80061b60","Data Label","Global","User Defined","1","0"
"MOVIEF","80061b68","Data Label","Global","User Defined","1","0"
"DA","80061b70","Data Label","Global","User Defined","1","0"
"SEEKB","80061b74","Data Label","Global","User Defined","1","0"
"SEEKF","80061b7c","Data Label","Global","User Defined","1","0"
"WAIT","80061b84","Data Label","Global","User Defined","1","0"
"JUMP","80061b8c","Data Label","Global","User Defined","1","0"
"ENDIF","80061b94","Data Label","Global","User Defined","1","0"
"WHILE","80061b9c","Data Label","Global","User Defined","1","0"
"vibrationActiveFlag","80061ba8","Data Label","Global","User Defined","3","0"
"PRINTT_A","80061bac","Data Label","Global","User Defined","1","0"
"ERROR","80061bb4","Data Label","Global","User Defined","5","0"
"ERROR_COLON","80061bbc","Data Label","Global","User Defined","10","0"
"MSPEED","80061bc4","Data Label","Global","User Defined","1","0"
"CALL","80061bcc","Data Label","Global","User Defined","1","0"
"THREAD","80061bd4","Data Label","Global","User Defined","1","0"
"RETURN","80061bdc","Data Label","Global","User Defined","1","0"
"BG","80061be4","Data Label","Global","User Defined","1","0"
"_E","80061be8","Data Label","Global","User Defined","7","0"
"BG2","80061bec","Data Label","Global","User Defined","1","0"
"logMessage_waitTime","80061bf4","Data Label","Global","User Defined","3","0"
"KBG","80061bf8","Data Label","Global","User Defined","1","0"
"KBG2","80061c00","Data Label","Global","User Defined","1","0"
"MOVIE","80061c08","Data Label","Global","User Defined","1","0"
"MOVIE2","80061c10","Data Label","Global","User Defined","1","0"
"logMessage_debugLabel","80061c18","Data Label","Global","User Defined","12","0"
"MOVIEF","80061c1c","Data Label","Global","User Defined","1","0"
"_STA","80061c24","Data Label","Global","User Defined","1","0"
"_END","80061c2c","Data Label","Global","User Defined","1","0"
"MUSIC","80061c34","Data Label","Global","User Defined","1","0"
"FINALE","80061c3c","Data Label","Global","User Defined","1","0"
"SELOOP","80061c44","Data Label","Global","User Defined","1","0"
"SE","80061c4c","Data Label","Global","User Defined","1","0"
"SSE","80061c50","Data Label","Global","User Defined","1","0"
"VE","80061c58","Data Label","Global","User Defined","1","0"
"VESTOP","80061c5c","Data Label","Global","User Defined","1","0"
"SESTOP","80061c64","Data Label","Global","User Defined","1","0"
"SECUT","80061c6c","Data Label","Global","User Defined","1","0"
"LOADSE","80061c74","Data Label","Global","User Defined","1","0"
"ALLSE","80061c7c","Data Label","Global","User Defined","1","0"
"ONESE","80061c84","Data Label","Global","User Defined","1","0"
"CDPLAY","80061c8c","Data Label","Global","User Defined","1","0"
"R_RIGHT_BRACKET","80061c94","Data Label","Global","User Defined","1","0"
"RIGHT_BRACKET_EUQALS","80061c98","Data Label","Global","User Defined","3","0"
"I_LEFT_BRACKET","80061ca0","Data Label","Global","User Defined","1","0"
"G_LEFT_BRACKET","80061ca4","Data Label","Global","User Defined","1","0"
"F_LEFT_BRACKET","80061ca8","Data Label","Global","User Defined","1","0"
"EVALUATION_STRING","80061cac","Data Label","Global","User Defined","2","0"
"_!_","80061cb0","Data Label","Global","User Defined","1","0"
"_-_","80061cb4","Data Label","Global","User Defined","1","0"
"_&&_","80061cb8","Data Label","Global","User Defined","1","0"
"_II_","80061cc0","Data Label","Global","User Defined","1","0"
"_&_","80061cc8","Data Label","Global","User Defined","1","0"
"_I_","80061ccc","Data Label","Global","User Defined","1","0"
"_^_","80061cd0","Data Label","Global","User Defined","1","0"
"_+_","80061cd4","Data Label","Global","User Defined","1","0"
"_-_","80061cd8","Data Label","Global","User Defined","1","0"
"_*_","80061cdc","Data Label","Global","User Defined","1","0"
"_/_","80061ce0","Data Label","Global","User Defined","1","0"
"_%_","80061ce4","Data Label","Global","User Defined","1","0"
"_<<_","80061ce8","Data Label","Global","User Defined","1","0"
"_>>_","80061cf0","Data Label","Global","User Defined","1","0"
"_==_","80061cf8","Data Label","Global","User Defined","1","0"
"_!=_","80061d00","Data Label","Global","User Defined","1","0"
"_<_","80061d08","Data Label","Global","User Defined","1","0"
"_<=_","80061d0c","Data Label","Global","User Defined","1","0"
"_>_","80061d14","Data Label","Global","User Defined","1","0"
"_>=_","80061d18","Data Label","Global","User Defined","1","0"
"IF","80061d20","Data Label","Global","User Defined","1","0"
"IFV","80061d24","Data Label","Global","User Defined","1","0"
"_J","80061d2c","Data Label","Global","User Defined","3","0"
"IFS","80061d30","Data Label","Global","User Defined","1","0"
"_M","80061d38","Data Label","Global","User Defined","8","0"
"IFS2","80061d3c","Data Label","Global","User Defined","1","0"
"IFO","80061d44","Data Label","Global","User Defined","1","0"
"IFO2","80061d4c","Data Label","Global","User Defined","1","0"
"IFC","80061d54","Data Label","Global","User Defined","1","0"
"IFC2","80061d5c","Data Label","Global","User Defined","1","0"
"IFVAR","80061d64","Data Label","Global","User Defined","1","0"
"_V","80061d6c","Data Label","Global","User Defined","3","0"
"FACE_A","80061d70","Data Label","Global","User Defined","1","0"
"FACER_A","80061d78","Data Label","Global","User Defined","1","0"
"PSET_A","80061d80","Data Label","Global","User Defined","1","0"
"_X","80061d88","Data Label","Global","User Defined","3","0"
"_Y","80061d8c","Data Label","Global","User Defined","4","0"
"MSET_A","80061d90","Data Label","Global","User Defined","1","0"
"_W","80061d98","Data Label","Global","User Defined","2","0"
"_H","80061d9c","Data Label","Global","User Defined","1","0"
"MWIN","80061da0","Data Label","Global","User Defined","1","0"
"logMessage_characterIndex","80061da8","Data Label","Global","User Defined","6","0"
"EXEC","80061dac","Data Label","Global","User Defined","1","0"
"ENTER","80061db4","Data Label","Global","User Defined","1","0"
"EXIT","80061dbc","Data Label","Global","User Defined","1","0"
"PMOVE_A","80061dc4","Data Label","Global","User Defined","1","0"
"SPACE_F","80061dcc","Data Label","Global","User Defined","2","0"
"DIN","80061dd0","Data Label","Global","User Defined","1","0"
"BYUU","80061ddc","Data Label","Global","User Defined","1","0"
"DOUT","80061de4","Data Label","Global","User Defined","1","0"
"TALK","80061dec","Data Label","Global","User Defined","1","0"
"LTALK","80061df4","Data Label","Global","User Defined","1","0"
"TSET_X","80061dfc","Data Label","Global","User Defined","1","0"
"SEEKF","80061e04","Data Label","Global","User Defined","1","0"
"SEEKB","80061e0c","Data Label","Global","User Defined","1","0"
"BACKF","80061e14","Data Label","Global","User Defined","1","0"
"BP","80061e1c","Data Label","Global","User Defined","1","0"
"END","80061e20","Data Label","Global","User Defined","1","0"
"SJUMP","80061e28","Data Label","Global","User Defined","1","0"
"RIGHT_PARENTHESES","80061e38","Data Label","Global","User Defined","3","0"
"MDEL_S","80061e3c","Data Label","Global","User Defined","1","0"
"LEFT_PARENTHESES","80061e44","Data Label","Global","User Defined","2","0"
"NIN","80061e48","Data Label","Global","User Defined","1","0"
"SPACE_L","80061e50","Data Label","Global","User Defined","2","0"
"NOUT","80061e54","Data Label","Global","User Defined","1","0"
"I","80061e5c","Data Label","Global","User Defined","2","0"
"SPACE_D","80061e60","Data Label","Global","User Defined","1","0"
"TAGON","80061e64","Data Label","Global","User Defined","1","0"
"AUTHOR","80061e74","Data Label","Global","User Defined","1","0"
"PLACE","80061e84","Data Label","Global","User Defined","1","0"
"DATE","80061e8c","Data Label","Global","User Defined","1","0"
"FORWARD_SLASH","80061e94","Data Label","Global","User Defined","3","0"
"TIME","80061e98","Data Label","Global","User Defined","1","0"
"COLON","80061ea0","Data Label","Global","User Defined","3","0"
"L_PARENTHESES","80061ea4","Data Label","Global","User Defined","3","0"
"R_PARENTHESES","80061ea8","Data Label","Global","User Defined","1","0"
"G","80061eac","Data Label","Global","User Defined","1","0"
"F","80061eb0","Data Label","Global","User Defined","1","0"
"SCENE","80061eb4","Data Label","Global","User Defined","1","0"
"NEWSEL","80061ebc","Data Label","Global","User Defined","1","0"
"NEWS","80061ec4","Data Label","Global","User Defined","1","0"
"SLASH_98","80061ecc","Data Label","Global","User Defined","2","0"
"sciptLinesToShow","80061edc","Data Label","Global","User Defined","6","0"
"watch16HexOrBinary","80061ee4","Data Label","Global","User Defined","6","0"
"scriptBasicsOrSystem","80061ee8","Data Label","Global","User Defined","6","0"
"varFlagOrGlobal","80061eec","Data Label","Global","User Defined","6","0"
"dbgArrowString","80061ef0","Data Label","Global","User Defined","1","0"
"dbgNoArrowString","80061ef4","Data Label","Global","User Defined","11","0"
"OK","80061ef8","Data Label","Global","User Defined","1","0"
"GREATER_THAN_CHAR","80061f00","Data Label","Global","User Defined","2","0"
"EMPTY_CHAR","80061f04","Data Label","Global","User Defined","19","0"
"STEP","80061f08","Data Label","Global","User Defined","1","0"
"LABEL","80061f10","Data Label","Global","User Defined","1","0"
"WATCH","80061f18","Data Label","Global","User Defined","1","0"
"CODE_COLON","80061f20","Data Label","Global","User Defined","1","0"
"TAIWA","80061f28","Data Label","Global","User Defined","1","0"
"FLAG_","80061f30","Data Label","Global","User Defined","1","0"
"GLOBAL_","80061f38","Data Label","Global","User Defined","1","0"
"_(l/r)","80061f40","Data Label","Global","User Defined","1","0"
"TWO_SPACES","80061f48","Data Label","Global","User Defined","1","0"
"_:_","80061f4c","Data Label","Global","User Defined","2","0"
"_-----_","80061f50","Data Label","Global","User Defined","1","0"
"WATCH_COLON","80061f58","Data Label","Global","User Defined","1","0"
"EQUAL","80061f60","Data Label","Global","User Defined","4","0"
"ON","80061f64","Data Label","Global","User Defined","1","0"
"OFF","80061f68","Data Label","Global","User Defined","1","0"
"CALL_COLON","80061f6c","Data Label","Global","User Defined","1","0"
"JUMP_COLON","80061f74","Data Label","Global","User Defined","1","0"
"LIMIT_","80061f7c","Data Label","Global","User Defined","1","0"
"NEWLINE_MAX","80061f84","Data Label","Global","User Defined","1","0"
"NEWLINE_JN","80061f8c","Data Label","Global","User Defined","1","0"
"NEWLINE_JV","80061f94","Data Label","Global","User Defined","1","0"
"NEWLINE_SLOT","80061f9c","Data Label","Global","User Defined","1","0"
"NEWLINE_TN2","80061fa4","Data Label","Global","User Defined","1","0"
"NEWLINE_KN2","80061fac","Data Label","Global","User Defined","1","0"
"portraitGridHeightLimit","80061fb8","Data Label","Global","User Defined","51","0"
"debugViewMode","80061fba","Data Label","Global","User Defined","16","0"
"randomIndexSavedState","80061fbc","Data Label","Global","User Defined","3","0"
"currentNewsValue","80061fbe","Data Label","Global","User Defined","4","0"
"messageBoxVisible","80061fc0","Data Label","Global","User Defined","25","0"
"scriptWaitCounter","80061fc8","Data Label","Global","User Defined","20","0"
"taiwaActive","80061fcc","Data Label","Global","User Defined","45","0"
"rawControllerInput","80061fd0","Data Label","Global","User Defined","24","0"
"newInputPressedMask","80061fd4","Data Label","Global","User Defined","28","0"
"controllerInputFlags","80061fd8","Data Label","Global","User Defined","102","0"
"taiwaMmax","80061fdc","Data Label","Global","User Defined","20","0"
"rawControllerInputHigh","80061fe0","Data Label","Global","User Defined","5","0"
"newInputPressedMask2P","80061fe4","Data Label","Global","User Defined","6","0"
"inputTransitionMask2P","80061fe8","Data Label","Global","User Defined","9","0"
"debugLockState","80061fec","Data Label","Global","User Defined","2","0"
"nameInputState","80061ff0","Data Label","Global","User Defined","15","0"
"nameEntryMode","80061ff4","Data Label","Global","User Defined","6","0"
"nameEntryPhase","80061ff8","Data Label","Global","User Defined","21","0"
"currentGlyphId","80062004","Data Label","Global","User Defined","27","0"
"cursorColumnIndex","80062008","Data Label","Global","User Defined","18","0"
"nameBufferPointer","80062010","Data Label","Global","User Defined","7","0"
"cursorAnimationState","80062014","Data Label","Global","User Defined","30","0"
"currentNameEntrySlot","8006201c","Data Label","Global","User Defined","4","0"
"vibrationEffectFrameCount","80062020","Data Label","Global","User Defined","7","0"
"vibrationTestCounter","80062024","Data Label","Global","User Defined","4","0"
"currentVibrationMode","80062028","Data Label","Global","User Defined","6","0"
"primaryVibrationBuffer","8006202c","Data Label","Global","User Defined","10","0"
"vibrationCycleCounter","8006202d","Data Label","Global","User Defined","7","0"
"chapterTitleIndex","80062030","Data Label","Global","User Defined","4","0"
"selectedDebugEntryIndex","80062034","Data Label","Global","User Defined","4","0"
"menuSelectionIndex","80062038","Data Label","Global","User Defined","14","0"
"selectionTimer","8006203c","Data Label","Global","User Defined","8","0"
"subModeFlag","80062040","Data Label","Global","User Defined","5","0"
"unusedOrResetFlag","80062044","Data Label","Global","User Defined","1","0"
"debugTextEnabled","80062048","Data Label","Global","User Defined","5","0"
"inputState","8006204c","Data Label","Global","User Defined","6","0"
"titleScreenState","80062050","Data Label","Global","User Defined","12","0"
"frameCounter","80062054","Data Label","Global","User Defined","25","0"
"currentAnimFrame","80062058","Data Label","Global","User Defined","5","0"
"totalFrameCounter","8006205c","Data Label","Global","User Defined","7","0"
"endTitleRenderStep","80062060","Data Label","Global","User Defined","6","0"
"endTitleFrameCounter","80062064","Data Label","Global","User Defined","9","0"
"endTitleScreenId","80062068","Data Label","Global","User Defined","2","0"
"cdState","80062070","Data Label","Global","User Defined","8","0"
"cdReadStartSector","80062074","Data Label","Global","User Defined","3","0"
"cdReadByteCount","80062078","Data Label","Global","User Defined","5","0"
"cdReadTargetAddr","8006207c","Data Label","Global","User Defined","3","0"
"currentMovieId","80062080","Data Label","Global","User Defined","11","0"
"lastDisplayBufferIndex","80062084","Data Label","Global","User Defined","2","0"
"movieDecoderActive","80062088","Data Label","Global","User Defined","6","0"
"pauseFrame","8006208c","Data Label","Global","User Defined","2","0"
"isPausedFlag","80062090","Data Label","Global","User Defined","4","0"
"cdTransferReady","80062094","Data Label","Global","User Defined","6","0"
"waitFrameCounter","80062098","Data Label","Global","User Defined","4","0"
"kanjiCode","8006209a","Data Label","Global","User Defined","4","0"
"portraitAnimCycleIndex","8006209c","Data Label","Global","User Defined","3","0"
"multiPortraitAnimId","800620a0","Data Label","Global","User Defined","2","0"
"multiPortraitAnimCursor","800620a4","Data Label","Global","User Defined","4","0"
"multiPortraitAnimActive","800620a8","Data Label","Global","User Defined","5","0"
"pmoveCharacterId","800620ac","Data Label","Global","User Defined","6","0"
"pmoveSpeed","800620b0","Data Label","Global","User Defined","3","0"
"pmoveFaceSlotId","800620b2","Data Label","Global","User Defined","3","0"
"pmoveStartX","800620b4","Data Label","Global","User Defined","2","0"
"pmoveStartY","800620b8","Data Label","Global","User Defined","2","0"
"pmoveTargetX","800620bc","Data Label","Global","User Defined","5","0"
"pmoveTargetY","800620c0","Data Label","Global","User Defined","6","0"
"pmoveXAccum","800620c4","Data Label","Global","User Defined","5","0"
"pmoveYAccum","800620c8","Data Label","Global","User Defined","5","0"
"pmoveStepX","800620cc","Data Label","Global","User Defined","2","0"
"pmoveStepY","800620d0","Data Label","Global","User Defined","2","0"
"pmoveCurrentX","800620d4","Data Label","Global","User Defined","6","0"
"pmoveCurrentY","800620d8","Data Label","Global","User Defined","8","0"
"scriptWaitCounter","800620dc","Data Label","Global","User Defined","4","0"
"addr_func_jumpOpcideFuncViaTable","800620e0","Data Label","Global","User Defined","4","0"
"resumeInterpreterFunc","800620e4","Data Label","Global","User Defined","83","0"
"scriptCanAdvance","800620e8","Data Label","Global","User Defined","143","0"
"opcodeJumpTable","800620e9","Data Label","Global","User Defined","15","0"
"scriptWaitMovieInitFlag","800620ea","Data Label","Global","User Defined","27","0"
"scriptInstructionPointer","800620ec","Data Label","Global","User Defined","376","0"
"scriptBasePointer","800620f0","Data Label","Global","User Defined","3","0"
"scriptTransitionFlag","800620f4","Data Label","Global","User Defined","7","0"
"currentMenuMode","800620f5","Data Label","Global","User Defined","3","0"
"currentMenuState","800620f6","Data Label","Global","User Defined","6","0"
"actorInTaiwa","800620f7","Data Label","Global","User Defined","9","0"
"defaultTaiwaId","800620f8","Data Label","Global","User Defined","16","0"
"lastLoadedTaiwaId","800620fa","Data Label","Global","User Defined","4","0"
"scriptRuntimeBufferStatus","800620fc","Data Label","Global","User Defined","17","0"
"lastScriptInstructionPointer","80062100","Data Label","Global","User Defined","2","0"
"scriptJumpTarget","80062104","Data Label","Global","User Defined","11","0"
"taiwaReturnBlock","80062106","Data Label","Global","User Defined","12","0"
"needToResetFaceSlots","80062108","Data Label","Global","User Defined","7","0"
"dinBrainInputDisabled","80062109","Data Label","Global","User Defined","5","0"
"threadActive","8006210a","Data Label","Global","User Defined","7","0"
"wasThreadActive","8006210b","Data Label","Global","User Defined","2","0"
"threadEntryPointer","8006210c","Data Label","Global","User Defined","2","0"
"threadCurrentPointer","80062110","Data Label","Global","User Defined","3","0"
"threadCanRun","80062114","Data Label","Global","User Defined","3","0"
"scriptBackupJumpOpcodeTemp","80062115","Data Label","Global","User Defined","2","0"
"threadNeedsInit","80062116","Data Label","Global","User Defined","3","0"
"threadTimer","80062117","Data Label","Global","User Defined","4","0"
"threadWaitCounter","80062118","Data Label","Global","User Defined","4","0"
"scriptBackupPortraitStateTemp","80062119","Data Label","Global","User Defined","2","0"
"scriptBackupInstructionPtr","8006211c","Data Label","Global","User Defined","2","0"
"scriptBackupCanAdvance","80062120","Data Label","Global","User Defined","2","0"
"scriptBackupJumpOpcode","80062121","Data Label","Global","User Defined","2","0"
"scriptBackupWaitMovieFlag","80062122","Data Label","Global","User Defined","2","0"
"scriptBackupPortraitWait","80062123","Data Label","Global","User Defined","2","0"
"scriptBackupAutoAdvance","80062124","Data Label","Global","User Defined","2","0"
"scriptBackupPortraitState","80062125","Data Label","Global","User Defined","2","0"
"portraitWaitFlag","80062126","Data Label","Global","User Defined","10","0"
"portraitAutoAdvanceFlag","80062127","Data Label","Global","User Defined","9","0"
"messagePrintSpeed","80062128","Data Label","Global","User Defined","5","0"
"portraitStateByte","80062129","Data Label","Global","User Defined","16","0"
"faceSlotOccupiedTable","8006212c","Data Label","Global","User Defined","12","0"
"faceSlotIsVisiblePtr","8006212d","Data Label","Global","User Defined","10","0"
"faceSlotResetFlags","8006212e","Data Label","Global","User Defined","2","0"
"faceSlotOccupiedBackup","80062130","Data Label","Global","User Defined","5","0"
"lastOperandTargetId","80062134","Data Label","Global","User Defined","5","0"
"currentDictionaryId","80062136","Data Label","Global","User Defined","6","0"
"savedDictionaryId","80062138","Data Label","Global","User Defined","6","0"
"seSlotSoundId","8006213a","Data Label","Global","User Defined","6","0"
"seAmbienceSoundId","8006213c","Data Label","Global","User Defined","7","0"
"seAmbienceWaveId","8006213e","Data Label","Global","User Defined","5","0"
"currentMusicId","80062140","Data Label","Global","User Defined","6","0"
"currentWaveMusicId","80062142","Data Label","Global","User Defined","6","0"
"musicCommandPendingFlag","80062144","Data Label","Global","User Defined","9","0"
"kanjiPlacementPending","80062146","Data Label","Global","User Defined","2","0"
"movieFlashActiveFlag","80062148","Data Label","Global","User Defined","7","0"
"scriptDataSize","8006214c","Data Label","Global","User Defined","9","1"
"lastMusicTrackIdByte","80062150","Data Label","Global","User Defined","7","0"
"lastSecondaryTrackByte","80062151","Data Label","Global","User Defined","10","0"
"lastTertiaryTrackByte","80062152","Data Label","Global","User Defined","10","0"
"activeMusicCommandId","80062153","Data Label","Global","User Defined","6","0"
"secondaryMusicCommandId","80062154","Data Label","Global","User Defined","6","0"
"seLoopActiveFlags","80062156","Data Label","Global","User Defined","13","0"
"seLoopActiveFlags","80062157","Data Label","Global","User Defined","6","0"
"seLoopSoundIds","80062158","Data Label","Global","User Defined","17","0"
"seLoopVolumes","8006215a","Data Label","Global","User Defined","13","0"
"seLoopPans","8006215c","Data Label","Global","User Defined","14","0"
"seLoopCounters","8006215e","Data Label","Global","User Defined","8","0"
"randomTableIndex","80062160","Data Label","Global","User Defined","7","0"
"randomIndexResetFlag","80062161","Data Label","Global","User Defined","4","0"
"vardelEntryCount","80062162","Data Label","Global","User Defined","11","0"
"meishiEntryCount","80062163","Data Label","Global","User Defined","13","0"
"debugMenuCursorRow","80062164","Data Label","Global","User Defined","21","0"
"debugInputCooldownFlag","80062168","Data Label","Global","User Defined","3","0"
"globalVariableTable","80062270","Data Label","Global","User Defined","53","0"
"inputButtonsGroup0","80062278","Data Label","Global","User Defined","6","0"
"inputButtonsGroup1","80062279","Data Label","Global","User Defined","11","0"
"inputButtonsGroup2","8006227a","Data Label","Global","User Defined","2","0"
"globalGameFlags","8006227c","Data Label","Global","User Defined","15","0"
"scriptVar16","80062470","Data Label","Global","User Defined","17","0"
"taiwaInterfacePosX","80062870","Data Label","Global","User Defined","7","0"
"taiwaInterfacePosY","80062872","Data Label","Global","User Defined","5","0"
"ltalkArgument","80062876","Data Label","Global","User Defined","9","0"
"faceSlotIsVisibleFlag","80062880","Data Label","Global","User Defined","18","0"
"portraitSlotVisibilityFlags","80062881","Data Label","Global","User Defined","8","0"
"faceSlotBoxPosX","80062882","Data Label","Global","User Defined","10","0"
"faceSlotBoxPosY","80062884","Data Label","Global","User Defined","8","0"
"portraitSlotBoxWidth","80062886","Data Label","Global","User Defined","8","0"
"portraitSlotBoxHeight","80062888","Data Label","Global","User Defined","10","0"
"faceSlotPoseId","8006288a","Data Label","Global","User Defined","8","0"
"faceSlotPoseVariant","8006288c","Data Label","Global","User Defined","8","0"
"faceSlotFaceId","8006288e","Data Label","Global","User Defined","8","0"
"portraitSlotStateFlags","80062890","Data Label","Global","User Defined","9","0"
"faceSlotFacingDirection","80062891","Data Label","Global","User Defined","6","0"
"faceSlotBlendMode","80062892","Data Label","Global","User Defined","4","0"
"portraitSlotHasWindow","80062893","Data Label","Global","User Defined","5","0"
"portraitDebugPosX","80062896","Data Label","Global","User Defined","3","0"
"portraitDebugPosY","80062898","Data Label","Global","User Defined","3","0"
"portraitFadeConfig1","800628a2","Data Label","Global","User Defined","2","0"
"portraitFadeConfig2","800628b6","Data Label","Global","User Defined","1","0"
"kanjiTileBlockId","800628c0","Data Label","Global","User Defined","9","1"
"dateMonth","800628c2","Data Label","Global","User Defined","9","0"
"dateDay","800628c3","Data Label","Global","User Defined","7","0"
"hour","800628c4","Data Label","Global","User Defined","7","0"
"minute","800628c5","Data Label","Global","User Defined","5","0"
"soundMode","800628c6","Data Label","Global","User Defined","7","0"
"vibrationMode","800628c7","Data Label","Global","User Defined","8","0"
"taiwaShortRenderMode","800628c9","Data Label","Global","User Defined","9","0"
"controllerMappingMode","800628ca","Data Label","Global","User Defined","11","0"
"nextScriptId","800628d0","Data Label","Global","User Defined","24","2"
"taiwaInitialized","800628d4","Data Label","Global","User Defined","15","0"
"tagState","800628d8","Data Label","Global","User Defined","6","0"
"isTaiwaAvailable","800628dc","Data Label","Global","User Defined","6","0"
"chapterNumber","800628e0","Data Label","Global","User Defined","9","0"
"sceneNumber","800628e2","Data Label","Global","User Defined","4","0"
"taiwaJn","800628e8","Data Label","Global","User Defined","25","0"
"taiwaJv","800628ea","Data Label","Global","User Defined","9","0"
"taiwaSlot","800628ec","Data Label","Global","User Defined","28","0"
"taiwaTn0","800628ee","Data Label","Global","User Defined","13","0"
"taiwaTn1","800628f0","Data Label","Global","User Defined","5","0"
"taiwaKn0","800628f4","Data Label","Global","User Defined","17","0"
"TaiwaKn1","800628f6","Data Label","Global","User Defined","17","0"
"selectionBuffer","80062900","Data Label","Global","User Defined","11","0"
"portraitGroupTable","80062928","Data Label","Global","User Defined","21","0"
"gDebugStringBuf","80062e28","Data Label","Global","User Defined","14","4"
"lzssWindow","80062e50","Data Label","Global","User Defined","1","0"
"lzssWindowEnd","80063e3d","Data Label","Global","User Defined","1","0"
"nameFont","80064088","Data Label","Global","User Defined","3","0"
"nameFontTextureBase","80064098","Data Label","Global","User Defined","1","0"
"vibrationStateFlag","800640b0","Data Label","Global","User Defined","10","0"
"vibrationFrameCounter1","800640b8","Data Label","Global","User Defined","1","0"
"vibrationFrameCounter2","800640bc","Data Label","Global","User Defined","1","0"
"vibrationSegmentIndex","800640c0","Data Label","Global","User Defined","10","0"
"vibrationSegmentTimer1","800640c8","Data Label","Global","User Defined","1","0"
"vibrationSegmentTimer2","800640cc","Data Label","Global","User Defined","1","0"
"vibrationData","800640d0","Data Label","Global","User Defined","5","0"
"vibrationDataStart","800640d2","Data Label","Global","User Defined","1","0"
"movieCdWriteBuffer","80064580","Data Label","Global","User Defined","2","0"
"controllerTypeId","80064581","Data Label","Global","User Defined","1","0"
"padInputByte2","80064582","Data Label","Global","User Defined","1","0"
"padInputByte3","80064583","Data Label","Global","User Defined","1","0"
"movieFrameReadBuffer","800645a8","Data Label","Global","User Defined","2","0"
"padInputByte0","800645aa","Data Label","Global","User Defined","1","0"
"padInputByte1","800645ab","Data Label","Global","User Defined","1","0"
"cdPosDatTable","800645d0","Data Label","Global","User Defined","2","0"
"cdPosDatTable_byte1","800645d1","Data Label","Global","User Defined","1","0"
"cdPosDatTable_byte2","800645d2","Data Label","Global","User Defined","1","0"
"cdPosDatTable_byte3","800645d3","Data Label","Global","User Defined","1","0"
"cdPosDatTable_byte4","800645d4","Data Label","Global","User Defined","1","0"
"cdPosDatTable_byte5","800645d5","Data Label","Global","User Defined","1","0"
"cdPosDatTable_byte6","800645d6","Data Label","Global","User Defined","1","0"
"cdPosDatTable_byte7","800645d7","Data Label","Global","User Defined","1","0"
"cdSectorBuffer","8006a760","Data Label","Global","User Defined","4","0"
"movieContext","80096160","Data Label","Global","User Defined","11","0"
"videoInputBuffers","80096164","Data Label","Global","User Defined","4","0"
"decompressedOutputBufferStart","80096168","Data Label","Global","User Defined","1","0"
"videoInputBufferIndex","8009616c","Data Label","Global","User Defined","5","0"
"videoOutputBuffers","80096170","Data Label","Global","User Defined","5","0"
"videoDecompressionScratchpad","80096174","Data Label","Global","User Defined","1","0"
"videoOutputBufferIndex","80096178","Data Label","Global","User Defined","5","0"
"fadeHeightData","8009617c","Data Label","Global","User Defined","3","0"
"screenHeight1Data","8009617e","Data Label","Global","User Defined","2","0"
"fadeStartXData","80096182","Data Label","Global","User Defined","1","0"
"screenHeight2Data","80096184","Data Label","Global","User Defined","1","0"
"movieHightData","80096186","Data Label","Global","User Defined","1","0"
"fadeStartYData2","8009618a","Data Label","Global","User Defined","1","0"
"currentDisplayBuffer","8009618c","Data Label","Global","User Defined","4","0"
"fadeHightData2","80096190","Data Label","Global","User Defined","5","0"
"screenHeight","80096192","Data Label","Global","User Defined","2","0"
"movieWidth","80096194","Data Label","Global","User Defined","5","0"
"movieHeight","80096196","Data Label","Global","User Defined","6","0"
"durationData","8009619c","Data Label","Global","User Defined","2","0"
"moviePlaybackActive","800961a0","Data Label","Global","User Defined","7","0"
"currentFrameNumber","800961a4","Data Label","Global","User Defined","7","0"
"movieSectorLBA","800961ac","Data Label","Global","User Defined","3","0"
"modeFlagsData","800961b0","Data Label","Global","User Defined","2","0"
"opcode_00","800961b8","Data Label","Global","User Defined","1","0"
"opcode_01","800961bc","Data Label","Global","User Defined","1","0"
"opcode_02","800961c0","Data Label","Global","User Defined","1","0"
"opcode_03","800961c4","Data Label","Global","User Defined","1","0"
"opcode_04","800961c8","Data Label","Global","User Defined","1","0"
"opcode_05","800961cc","Data Label","Global","User Defined","1","0"
"opcode_06","800961d0","Data Label","Global","User Defined","1","0"
"opcode_07","800961d4","Data Label","Global","User Defined","1","0"
"opcode_08","800961d8","Data Label","Global","User Defined","1","0"
"opcode_09","800961dc","Data Label","Global","User Defined","1","0"
"opcode_0a","800961e0","Data Label","Global","User Defined","1","0"
"opcode_0b","800961e4","Data Label","Global","User Defined","1","0"
"opcode_0c","800961e8","Data Label","Global","User Defined","1","0"
"opcode_0d","800961ec","Data Label","Global","User Defined","1","0"
"opcode_0e","800961f0","Data Label","Global","User Defined","1","0"
"opcode_0f","800961f4","Data Label","Global","User Defined","1","0"
"opcode_10","800961f8","Data Label","Global","User Defined","1","0"
"opcode_11","800961fc","Data Label","Global","User Defined","1","0"
"opcode_12","80096200","Data Label","Global","User Defined","1","0"
"opcode_13","80096204","Data Label","Global","User Defined","1","0"
"opcode_14","80096208","Data Label","Global","User Defined","1","0"
"opcode_15","8009620c","Data Label","Global","User Defined","1","0"
"opcode_16","80096210","Data Label","Global","User Defined","1","0"
"opcode_17","80096214","Data Label","Global","User Defined","1","0"
"opcode_18","80096218","Data Label","Global","User Defined","1","0"
"opcode_19","8009621c","Data Label","Global","User Defined","1","0"
"opcode_1a","80096220","Data Label","Global","User Defined","1","0"
"opcode_1b","80096224","Data Label","Global","User Defined","1","0"
"opcode_1c","80096228","Data Label","Global","User Defined","1","0"
"opcode_1d","8009622c","Data Label","Global","User Defined","1","0"
"opcode_1e","80096230","Data Label","Global","User Defined","1","0"
"opcode_1f","80096234","Data Label","Global","User Defined","1","0"
"opcode_20","80096238","Data Label","Global","User Defined","1","0"
"opcode_21","8009623c","Data Label","Global","User Defined","1","0"
"opcode_22","80096240","Data Label","Global","User Defined","1","0"
"opcode_23","80096244","Data Label","Global","User Defined","1","0"
"opcode_24","80096248","Data Label","Global","User Defined","1","0"
"opcode_25","8009624c","Data Label","Global","User Defined","1","0"
"opcode_26","80096250","Data Label","Global","User Defined","1","0"
"opcode_27","80096254","Data Label","Global","User Defined","1","0"
"opcode_28","80096258","Data Label","Global","User Defined","1","0"
"opcode_29","8009625c","Data Label","Global","User Defined","1","0"
"opcode_2a","80096260","Data Label","Global","User Defined","1","0"
"opcode_2b","80096264","Data Label","Global","User Defined","1","0"
"opcode_2c","80096268","Data Label","Global","User Defined","1","0"
"opcode_2d","8009626c","Data Label","Global","User Defined","1","0"
"opcode_2e","80096270","Data Label","Global","User Defined","1","0"
"opcode_2f","80096274","Data Label","Global","User Defined","1","0"
"opcode_30","80096278","Data Label","Global","User Defined","1","0"
"opcode_31","8009627c","Data Label","Global","User Defined","1","0"
"opcode_32","80096280","Data Label","Global","User Defined","1","0"
"opcode_33","80096284","Data Label","Global","User Defined","1","0"
"opcode_34","80096288","Data Label","Global","User Defined","1","0"
"opcode_35","8009628c","Data Label","Global","User Defined","1","0"
"opcode_36","80096290","Data Label","Global","User Defined","1","0"
"opcode_37","80096294","Data Label","Global","User Defined","1","0"
"opcode_38","80096298","Data Label","Global","User Defined","1","0"
"opcode_39","8009629c","Data Label","Global","User Defined","1","0"
"opcode_3a","800962a0","Data Label","Global","User Defined","1","0"
"opcode_3b","800962a4","Data Label","Global","User Defined","1","0"
"opcode_3c","800962a8","Data Label","Global","User Defined","1","0"
"opcode_3d","800962ac","Data Label","Global","User Defined","1","0"
"opcode_3e","800962b0","Data Label","Global","User Defined","1","0"
"opcode_3f","800962b4","Data Label","Global","User Defined","1","0"
"opcode_40","800962b8","Data Label","Global","User Defined","1","0"
"opcode_41","800962bc","Data Label","Global","User Defined","1","0"
"opcode_42","800962c0","Data Label","Global","User Defined","1","0"
"opcode_43","800962c4","Data Label","Global","User Defined","1","0"
"opcode_44","800962c8","Data Label","Global","User Defined","1","0"
"opcode_45","800962cc","Data Label","Global","User Defined","1","0"
"opcode_46","800962d0","Data Label","Global","User Defined","1","0"
"opcode_47","800962d4","Data Label","Global","User Defined","1","0"
"opcode_48","800962d8","Data Label","Global","User Defined","1","0"
"opcode_49","800962dc","Data Label","Global","User Defined","1","0"
"opcode_4a","800962e0","Data Label","Global","User Defined","1","0"
"opcode_4b","800962e4","Data Label","Global","User Defined","1","0"
"opcode_4c","800962e8","Data Label","Global","User Defined","1","0"
"opcode_4d","800962ec","Data Label","Global","User Defined","1","0"
"opcode_4e","800962f0","Data Label","Global","User Defined","1","0"
"opcode_4f","800962f4","Data Label","Global","User Defined","1","0"
"opcode_50","800962f8","Data Label","Global","User Defined","1","0"
"opcode_51","800962fc","Data Label","Global","User Defined","1","0"
"opcode_52","80096300","Data Label","Global","User Defined","1","0"
"opcode_53","80096304","Data Label","Global","User Defined","1","0"
"opcode_54","80096308","Data Label","Global","User Defined","1","0"
"opcode_55","8009630c","Data Label","Global","User Defined","1","0"
"opcode_56","80096310","Data Label","Global","User Defined","1","0"
"opcode_57","80096314","Data Label","Global","User Defined","1","0"
"opcode_58","80096318","Data Label","Global","User Defined","1","0"
"opcode_59","8009631c","Data Label","Global","User Defined","1","0"
"opcode_5a","80096320","Data Label","Global","User Defined","1","0"
"addr_func_bp","80096324","Data Label","Global","User Defined","1","0"
"opcode_5c","80096328","Data Label","Global","User Defined","1","0"
"opcode_5d","8009632c","Data Label","Global","User Defined","1","0"
"opcode_5e","80096330","Data Label","Global","User Defined","1","0"
"opcode_5f","80096334","Data Label","Global","User Defined","1","0"
"opcode_60","80096338","Data Label","Global","User Defined","1","0"
"opcode_61","8009633c","Data Label","Global","User Defined","1","0"
"opcode_62","80096340","Data Label","Global","User Defined","1","0"
"opcode_63","80096344","Data Label","Global","User Defined","1","0"
"opcode_64","80096348","Data Label","Global","User Defined","1","0"
"opcode_65","8009634c","Data Label","Global","User Defined","1","0"
"opcode_66","80096350","Data Label","Global","User Defined","1","0"
"opcode_67","80096354","Data Label","Global","User Defined","1","0"
"opcode_68","80096358","Data Label","Global","User Defined","1","0"
"opcode_69","8009635c","Data Label","Global","User Defined","1","0"
"opcode_6a","80096360","Data Label","Global","User Defined","1","0"
"opcode_6b","80096364","Data Label","Global","User Defined","1","0"
"opcode_6c","80096368","Data Label","Global","User Defined","1","0"
"opcode_6d","8009636c","Data Label","Global","User Defined","1","0"
"opcode_6e","80096370","Data Label","Global","User Defined","1","0"
"opcode_6f","80096374","Data Label","Global","User Defined","1","0"
"opcode_70","80096378","Data Label","Global","User Defined","1","0"
"opcode_71","8009637c","Data Label","Global","User Defined","1","0"
"opcode_72","80096380","Data Label","Global","User Defined","1","0"
"opcode_73","80096384","Data Label","Global","User Defined","1","0"
"opcode_74","80096388","Data Label","Global","User Defined","1","0"
"opcode_75","8009638c","Data Label","Global","User Defined","1","0"
"opcode_76","80096390","Data Label","Global","User Defined","1","0"
"opcode_77","80096394","Data Label","Global","User Defined","1","0"
"opcode_78","80096398","Data Label","Global","User Defined","1","0"
"opcode_79","8009639c","Data Label","Global","User Defined","1","0"
"opcode_7a","800963a0","Data Label","Global","User Defined","1","0"
"opcode_7b","800963a4","Data Label","Global","User Defined","1","0"
"opcode_7c","800963a8","Data Label","Global","User Defined","1","0"
"opcode_7d","800963ac","Data Label","Global","User Defined","1","0"
"opcode_7e","800963b0","Data Label","Global","User Defined","1","0"
"opcode_7f","800963b4","Data Label","Global","User Defined","1","0"
"opcode_80","800963b8","Data Label","Global","User Defined","1","0"
"opcode_81","800963bc","Data Label","Global","User Defined","1","0"
"opcode_82","800963c0","Data Label","Global","User Defined","1","0"
"opcode_83","800963c4","Data Label","Global","User Defined","1","0"
"opcode_84","800963c8","Data Label","Global","User Defined","1","0"
"opcode_85","800963cc","Data Label","Global","User Defined","1","0"
"opcode_86","800963d0","Data Label","Global","User Defined","1","0"
"opcode_87","800963d4","Data Label","Global","User Defined","1","0"
"opcode_88","800963d8","Data Label","Global","User Defined","1","0"
"opcode_89","800963dc","Data Label","Global","User Defined","1","0"
"opcode_8a","800963e0","Data Label","Global","User Defined","1","0"
"opcode_8b","800963e4","Data Label","Global","User Defined","1","0"
"opcode_8c","800963e8","Data Label","Global","User Defined","1","0"
"opcode_8d","800963ec","Data Label","Global","User Defined","1","0"
"opcode_8e","800963f0","Data Label","Global","User Defined","1","0"
"opcode_8f","800963f4","Data Label","Global","User Defined","1","0"
"opcode_90","800963f8","Data Label","Global","User Defined","1","0"
"opcode_91","800963fc","Data Label","Global","User Defined","1","0"
"opcode_92","80096400","Data Label","Global","User Defined","1","0"
"opcode_93","80096404","Data Label","Global","User Defined","1","0"
"opcode_94","80096408","Data Label","Global","User Defined","1","0"
"opcode_95","8009640c","Data Label","Global","User Defined","1","0"
"opcode_96","80096410","Data Label","Global","User Defined","1","0"
"opcode_97","80096414","Data Label","Global","User Defined","1","0"
"opcode_98","80096418","Data Label","Global","User Defined","1","0"
"opcode_99","8009641c","Data Label","Global","User Defined","1","0"
"opcode_9a","80096420","Data Label","Global","User Defined","1","0"
"opcode_9b","80096424","Data Label","Global","User Defined","1","0"
"opcode_9c","80096428","Data Label","Global","User Defined","1","0"
"opcode_9d","8009642c","Data Label","Global","User Defined","1","0"
"opcode_9e","80096430","Data Label","Global","User Defined","1","0"
"opcode_9f","80096434","Data Label","Global","User Defined","1","0"
"opcode_a0","80096438","Data Label","Global","User Defined","1","0"
"opcode_a1","8009643c","Data Label","Global","User Defined","1","0"
"opcode_a2","80096440","Data Label","Global","User Defined","1","0"
"opcode_a3","80096444","Data Label","Global","User Defined","1","0"
"opcode_a4","80096448","Data Label","Global","User Defined","1","0"
"opcode_a5","8009644c","Data Label","Global","User Defined","1","0"
"opcode_a6","80096450","Data Label","Global","User Defined","1","0"
"opcode_a7","80096454","Data Label","Global","User Defined","1","0"
"opcode_a8","80096458","Data Label","Global","User Defined","1","0"
"opcode_a9","8009645c","Data Label","Global","User Defined","1","0"
"opcode_aa","80096460","Data Label","Global","User Defined","1","0"
"opcode_ab","80096464","Data Label","Global","User Defined","1","0"
"opcode_ac","80096468","Data Label","Global","User Defined","1","0"
"opcode_ad","8009646c","Data Label","Global","User Defined","1","0"
"opcode_ae","80096470","Data Label","Global","User Defined","1","0"
"opcode_af","80096474","Data Label","Global","User Defined","1","0"
"opcode_b0","80096478","Data Label","Global","User Defined","1","0"
"opcode_b1","8009647c","Data Label","Global","User Defined","1","0"
"opcode_b2","80096480","Data Label","Global","User Defined","1","0"
"opcode_b3","80096484","Data Label","Global","User Defined","1","0"
"opcode_b4","80096488","Data Label","Global","User Defined","1","0"
"opcode_b5","8009648c","Data Label","Global","User Defined","1","0"
"opcode_b6","80096490","Data Label","Global","User Defined","1","0"
"opcode_b7","80096494","Data Label","Global","User Defined","1","0"
"opcode_b8","80096498","Data Label","Global","User Defined","1","0"
"opcode_b9","8009649c","Data Label","Global","User Defined","1","0"
"opcode_ba","800964a0","Data Label","Global","User Defined","1","0"
"opcode_bb","800964a4","Data Label","Global","User Defined","1","0"
"opcode_bc","800964a8","Data Label","Global","User Defined","1","0"
"opcode_bd","800964ac","Data Label","Global","User Defined","1","0"
"opcode_be","800964b0","Data Label","Global","User Defined","1","0"
"opcode_bf","800964b4","Data Label","Global","User Defined","1","0"
"opcode_c0","800964b8","Data Label","Global","User Defined","1","0"
"opcode_c1","800964bc","Data Label","Global","User Defined","1","0"
"opcode_c2","800964c0","Data Label","Global","User Defined","1","0"
"opcode_c3","800964c4","Data Label","Global","User Defined","1","0"
"opcode_c4","800964c8","Data Label","Global","User Defined","1","0"
"opcode_c5","800964cc","Data Label","Global","User Defined","1","0"
"opcode_c6","800964d0","Data Label","Global","User Defined","1","0"
"opcode_c7","800964d4","Data Label","Global","User Defined","1","0"
"opcode_c8","800964d8","Data Label","Global","User Defined","1","0"
"opcode_c9","800964dc","Data Label","Global","User Defined","1","0"
"opcode_ca","800964e0","Data Label","Global","User Defined","1","0"
"opcode_cb","800964e4","Data Label","Global","User Defined","1","0"
"opcode_cc","800964e8","Data Label","Global","User Defined","1","0"
"opcode_cd","800964ec","Data Label","Global","User Defined","1","0"
"opcode_ce","800964f0","Data Label","Global","User Defined","1","0"
"opcode_cf","800964f4","Data Label","Global","User Defined","1","0"
"opcode_d0","800964f8","Data Label","Global","User Defined","1","0"
"opcode_d1","800964fc","Data Label","Global","User Defined","1","0"
"opcode_d2","80096500","Data Label","Global","User Defined","1","0"
"opcode_d3","80096504","Data Label","Global","User Defined","1","0"
"opcode_d4","80096508","Data Label","Global","User Defined","1","0"
"opcode_d5","8009650c","Data Label","Global","User Defined","1","0"
"opcode_d6","80096510","Data Label","Global","User Defined","1","0"
"opcode_d7","80096514","Data Label","Global","User Defined","1","0"
"opcode_d8","80096518","Data Label","Global","User Defined","1","0"
"opcode_d9","8009651c","Data Label","Global","User Defined","1","0"
"opcode_da","80096520","Data Label","Global","User Defined","1","0"
"opcode_db","80096524","Data Label","Global","User Defined","1","0"
"opcode_dc","80096528","Data Label","Global","User Defined","1","0"
"opcode_dd","8009652c","Data Label","Global","User Defined","1","0"
"opcode_de","80096530","Data Label","Global","User Defined","1","0"
"opcode_df","80096534","Data Label","Global","User Defined","1","0"
"opcode_e0","80096538","Data Label","Global","User Defined","1","0"
"opcode_e1","8009653c","Data Label","Global","User Defined","1","0"
"opcode_e2","80096540","Data Label","Global","User Defined","1","0"
"opcode_e3","80096544","Data Label","Global","User Defined","1","0"
"opcode_e4","80096548","Data Label","Global","User Defined","1","0"
"opcode_e5","8009654c","Data Label","Global","User Defined","1","0"
"opcode_e6","80096550","Data Label","Global","User Defined","1","0"
"opcode_e7","80096554","Data Label","Global","User Defined","1","0"
"opcode_e8","80096558","Data Label","Global","User Defined","1","0"
"opcode_e9","8009655c","Data Label","Global","User Defined","1","0"
"opcode_ea","80096560","Data Label","Global","User Defined","1","0"
"opcode_eb","80096564","Data Label","Global","User Defined","1","0"
"opcode_ec","80096568","Data Label","Global","User Defined","1","0"
"opcode_ed","8009656c","Data Label","Global","User Defined","1","0"
"opcode_ee","80096570","Data Label","Global","User Defined","1","0"
"opcode_ef","80096574","Data Label","Global","User Defined","1","0"
"opcode_f0","80096578","Data Label","Global","User Defined","1","0"
"opcode_f1","8009657c","Data Label","Global","User Defined","1","0"
"opcode_f2","80096580","Data Label","Global","User Defined","1","0"
"opcode_f3","80096584","Data Label","Global","User Defined","1","0"
"opcode_f4","80096588","Data Label","Global","User Defined","1","0"
"opcode_f5","8009658c","Data Label","Global","User Defined","1","0"
"opcode_f6","80096590","Data Label","Global","User Defined","1","0"
"opcode_f7","80096594","Data Label","Global","User Defined","1","0"
"opcode_f8","80096598","Data Label","Global","User Defined","1","0"
"opcode_f9","8009659c","Data Label","Global","User Defined","1","0"
"opcode_fa","800965a0","Data Label","Global","User Defined","1","0"
"opcode_fb","800965a4","Data Label","Global","User Defined","1","0"
"opcode_ea","800965a8","Data Label","Global","User Defined","1","0"
"opcode_eb","800965ac","Data Label","Global","User Defined","1","0"
"opcode_ec","800965b0","Data Label","Global","User Defined","1","0"
"opcode_ed","800965b4","Data Label","Global","User Defined","1","0"
"effect00Dat","800965b8","Data Label","Global","User Defined","2","0"
"effectBuffer","800975b8","Data Label","Global","User Defined","5","0"
"musicBuffer","800995b8","Data Label","Global","User Defined","4","0"
"audioSngData","800a05b8","Data Label","Global","User Defined","4","0"
"mainScriptRuntimeBuffer","800b05b8","Data Label","Global","User Defined","15","0"
"taiwaScriptRuntimeBuffer","800c05b8","Data Label","Global","User Defined","4","0"
"scriptVar8","800c85b8","Data Label","Global","User Defined","15","0"
"backup8BitMemoryPool2","800c86b8","Data Label","Global","User Defined","3","0"
"rawMemoryPool","800c87b8","Data Label","Global","User Defined","21","0"
"characterSlotTable","800c87d8","Data Label","Global","User Defined","22","0"
"characterFacingDirection","800c87da","Data Label","Global","User Defined","15","0"
"messageBoxPosX","800c87dc","Data Label","Global","User Defined","12","0"
"messageBoxPosY","800c87de","Data Label","Global","User Defined","12","0"
"messageBoxWidth","800c87e0","Data Label","Global","User Defined","12","0"
"messageBoxHeight","800c87e2","Data Label","Global","User Defined","13","0"
"characterPoseIdTable","800c87e4","Data Label","Global","User Defined","14","0"
"characterPoseVariantTable","800c87e6","Data Label","Global","User Defined","15","0"
"characterFaceIdTable","800c87e8","Data Label","Global","User Defined","16","0"
"characterFacingDirection","800c87ea","Data Label","Global","User Defined","12","0"
"characterBlendModeTable","800c87eb","Data Label","Global","User Defined","11","0"
"characterFaceNeedsRedraw","800c87ec","Data Label","Global","User Defined","11","0"
"characterWindowWidthTable","800c87ed","Data Label","Global","User Defined","10","0"
"faceSlotMetadataArray","800c897a","Data Label","Global","User Defined","1","0"
"characterSlotBackup","800c8998","Data Label","Global","User Defined","3","0"
"nameMatchCache","800c89e8","Data Label","Global","User Defined","6","0"
"customNameFontCache","800c89e9","Data Label","Global","User Defined","5","0"
"nameMatchLengths","800c89ee","Data Label","Global","User Defined","5","0"
"nameMatchStages","800c89ef","Data Label","Global","User Defined","5","0"
"dict0_CharTable","800c8a08","Data Label","Global","User Defined","16","0"
"dict0_CharPairTable","800c8a09","Data Label","Global","User Defined","7","0"
"dict0_ByteField","800c8a19","Data Label","Global","User Defined","3","0"
"dict0_ShortTable1","800c8a1a","Data Label","Global","User Defined","5","0"
"dict0_ByteTable1","800c8a42","Data Label","Global","User Defined","2","0"
"dict0_TerminatorFlag","800c8a56","Data Label","Global","User Defined","4","0"
"dict0_Metadata1","800c8a58","Data Label","Global","User Defined","4","0"
"dict0_Metadata2","800c8a59","Data Label","Global","User Defined","3","0"
"dict0_Metadata3","800c8a5a","Data Label","Global","User Defined","1","0"
"dict1_CharTable","800cef80","Data Label","Global","User Defined","8","0"
"dict1_CharPairTable","800cef81","Data Label","Global","User Defined","4","0"
"dict1_ByteField","800cef91","Data Label","Global","User Defined","3","0"
"dict1_ShortTable","800cef92","Data Label","Global","User Defined","6","0"
"portraitLoopCommandBytes","800d1c58","Data Label","Global","User Defined","14","0"
"portraitLoopExtendedParams","800d1c59","Data Label","Global","User Defined","6","0"
"portraitLoopLabels","800d1c62","Data Label","Global","User Defined","7","0"
"expressionTemplates1","800d1c6c","Data Label","Global","User Defined","3","0"
"portraitLoopCommandLengths","800d1c80","Data Label","Global","User Defined","16","0"
"portraitAnimSlotId00","800d1c84","Data Label","Global","User Defined","2","0"
"portraitAnimSlotId01","800d1c85","Data Label","Global","User Defined","1","0"
"portraitAnimSlotId02","800d1c86","Data Label","Global","User Defined","1","0"
"portraitAnimSlotId03","800d1c87","Data Label","Global","User Defined","1","0"
"savedNameFontGlyphData","800d1c8e","Data Label","Global","User Defined","6","0"
"portraitAnimColumnCountA","800d1cac","Data Label","Global","User Defined","5","0"
"portraitAnimSlotId04","800d1cb0","Data Label","Global","User Defined","1","0"
"portraitAnimSlotId05","800d1cb1","Data Label","Global","User Defined","1","0"
"portraitAnimSlotId06","800d1cb2","Data Label","Global","User Defined","1","0"
"portraitAnimSlotId07","800d1cb3","Data Label","Global","User Defined","1","0"
"portraitAnimFlag01","800d1cd8","Data Label","Global","User Defined","5","0"
"portraitAnimSlotId08","800d1cdc","Data Label","Global","User Defined","1","0"
"portraitAnimSlotId09","800d1cdd","Data Label","Global","User Defined","1","0"
"portraitAnimSlotId0A","800d1cde","Data Label","Global","User Defined","1","0"
"portraitAnimSlotId0B","800d1cdf","Data Label","Global","User Defined","1","0"
"portraitAnimColumnCountB","800d1d04","Data Label","Global","User Defined","1","0"
"portraitAnimSlotId0C","800d1d08","Data Label","Global","User Defined","1","0"
"portraitAnimSlotId0D","800d1d09","Data Label","Global","User Defined","1","0"
"portraitAnimSlotId0E","800d1d0a","Data Label","Global","User Defined","1","0"
"portraitAnimSlotId0F","800d1d0b","Data Label","Global","User Defined","1","0"
"portraitAnimLoadState","800d1d30","Data Label","Global","User Defined","1","0"
"vardelPredicateTable","800d2d88","Data Label","Global","User Defined","3","0"
"vardelVarList","800d2d8a","Data Label","Global","User Defined","2","0"
"vardelVarCountTable","800d2d8d","Data Label","Global","User Defined","5","0"
"callReturnStack","800d2dc8","Data Label","Global","User Defined","7","0"
"callStackBase","800d2dec","Data Label","Global","User Defined","2","0"
"callDepth","800d2df0","Data Label","Global","User Defined","20","0"
"taiwaCallDepthBackup","800d2df1","Data Label","Global","User Defined","4","0"
"debugMenuFirstEntryFlag","800d2df8","Data Label","Global","User Defined","14","0"
"debugMenuActiveFlag","800d2df9","Data Label","Global","User Defined","8","0"
"interpreterPaused","800d2dfa","Data Label","Global","User Defined","96","0"
"bpVar","800d2dfb","Data Label","Global","User Defined","5","0"
"debugLoggingEnabled","800d2dfc","Data Label","Global","User Defined","171","0"
"executionBlockActive","800d2dfd","Data Label","Global","User Defined","9","0"
"callLoggingEnabled","800d2dfe","Data Label","Global","User Defined","6","0"
"voiceCycleControlFlag","800d2dff","Data Label","Global","User Defined","3","0"
"isFlagInspectorActive","800d2e00","Data Label","Global","User Defined","6","0"
"isGlobalInspectorActive","800d2e01","Data Label","Global","User Defined","6","0"
"taiwaNumber","800d2e08","Data Label","Global","User Defined","17","0"
"storyNumber","800d2e0c","Data Label","Global","User Defined","22","0"
"authorString","800d2e10","Data Label","Global","User Defined","22","0"
"authorStatusFlag","800d2e18","Data Label","Global","User Defined","1","0"
"debugWatchNames","800d2e19","Data Label","Global","User Defined","2","0"
"watch16Labels","800d3059","Data Label","Global","User Defined","3","0"
"watchFlagNames","800d349c","Data Label","Global","User Defined","2","0"
"debugWatchEntryCount","800d375c","Data Label","Global","User Defined","4","0"
"watch16Count","800d3760","Data Label","Global","User Defined","5","0"
"watchFlagCount","800d3764","Data Label","Global","User Defined","3","0"
"scriptPtr","800d3768","Data Label","Global","User Defined","6","1"
"scriptAddress","800d376c","Data Label","Global","User Defined","6","1"
"scriptTaiwaAddr","800d3770","Data Label","Global","User Defined","6","1"
"flagViewStartIndex","800d3774","Data Label","Global","User Defined","7","0"
"globalViewStartIndex","800d3778","Data Label","Global","User Defined","7","0"
"globalViewHexMode","800d377c","Data Label","Global","User Defined","8","0"
"scriptBlockTable","800d3788","Data Label","Global","User Defined","17","0"
"meishiVerbIds","800d4ef8","Data Label","Global","User Defined","3","0"
"meishiNounLists","800d4efc","Data Label","Global","User Defined","3","0"
"meishiNounCounts","800d4f24","Data Label","Global","User Defined","5","0"
"jutsugoBuffer","800d50c8","Data Label","Global","User Defined","3","0"
"numJutsugoEntries","800d50dc","Data Label","Global","User Defined","10","0"
"portraitTextGridBuffer","800d50e0","Data Label","Global","User Defined","1","0"
"portraitTextGridTempEntries","800d510d","Data Label","Global","User Defined","1","0"
"scriptYPrePtr","800d5c98","Data Label","Global","User Defined","275","0"
"scriptInstructionStart","800d5c9c","Data Label","Global","User Defined","6","0"
"scriptIsExecuting","800d5ca4","Data Label","Global","User Defined","82","0"
"scriptMemoryLimitEnd","800d5ca8","Data Label","Global","User Defined","14","0"
"scriptYPreCommand","800d5cac","Data Label","Global","User Defined","8","0"
"dialogueScriptOffsets","800d5cae","Data Label","Global","User Defined","7","0"
"characterDialogueLineIndex","800d5cb0","Data Label","Global","User Defined","9","0"
"activeTaiwaCharacterIds","800d5cfe","Data Label","Global","User Defined","2","0"
"taiwaCharacterCount","800d5d04","Data Label","Global","User Defined","12","0"
"faceSlotResetState","800d5d05","Data Label","Global","User Defined","6","0"
"ypreReturnStack","800d5d08","Data Label","Global","User Defined","6","0"
"callStack","800d5d30","Data Label","Global","User Defined","13","0"
"portraitTextXPosTable","800d5d38","Data Label","Global","User Defined","9","15"
"portraitTextEntryTable","800d5d48","Data Label","Global","User Defined","4","0"
"portraitTextOffset06","800d5d4e","Data Label","Global","User Defined","1","0"
"portraitTextOffset07","800d5d54","Data Label","Global","User Defined","1","0"
"portraitTextOffset01","800d5d5a","Data Label","Global","User Defined","1","0"
"portraitTextOffset02","800d5d60","Data Label","Global","User Defined","1","0"
"portraitTextOffset08","800d5d66","Data Label","Global","User Defined","1","0"
"portraitTextOffset09","800d5d6c","Data Label","Global","User Defined","1","0"
"portraitTextOffset10","800d5d72","Data Label","Global","User Defined","1","0"
"portraitTextOffset03","800d5d78","Data Label","Global","User Defined","1","0"
"portraitTextOffset11","800d5d7e","Data Label","Global","User Defined","1","0"
"portraitTextOffset12","800d5d84","Data Label","Global","User Defined","1","0"
"portraitTextOffset04","800d5d8a","Data Label","Global","User Defined","1","0"
"portraitTextOffset05","800d5d90","Data Label","Global","User Defined","1","0"
"portraitTextOffset13","800d5d96","Data Label","Global","User Defined","1","0"
"portraitTextOffset14","800d5d9c","Data Label","Global","User Defined","1","0"
"portraitTextOffset15","800d5d9e","Data Label","Global","User Defined","1","0"
"portraitTextOffset16","800d5da2","Data Label","Global","User Defined","1","0"
"logBuffer","800d5da8","Data Label","Global","User Defined","1","0"
"logBuffer","800d5f6a","Data Label","Global","User Defined","3","0"
"scriptLabel","800d5f88","Data Label","Global","User Defined","2","0"
"subroutineLabelLog","800d5f98","Data Label","Global","User Defined","1","0"
"scriptEntryTable","800d7b60","Data Label","Global","User Defined","7","0"
"currentMusicDataPtr","800d8988","Data Label","Global","User Defined","7","0"
"globalOakaEventTable","800d8b38","Data Label","Global","User Defined","6","0"
"soundCommandBufferBase","800dcb38","Data Label","Global","User Defined","4","0"
"spuMemoryHeapBase","800dcd78","Data Label","Global","User Defined","1","0"
"oakaAudioSlot0Id","800dcda8","Data Label","Global","User Defined","4","0"
"oakaAudioSlot1Id","800dcdac","Data Label","Global","User Defined","4","0"
"seLoopBufferMain","800dcdb0","Data Label","Global","User Defined","3","0"
"isAudioSystemInitialized","800dcdb4","Data Label","Global","User Defined","10","0"
"seLoopChannelState","800dcdb8","Data Label","Global","User Defined","3","0"
"seLoopMixBuffer","800dcdbc","Data Label","Global","User Defined","3","0"
"soundCommandBusyFlag","800dcdc4","Data Label","Global","User Defined","5","0"
"audioStateBlock","800dcdec","Data Label","Global","User Defined","96","0"
"scriptEntryBitmask","800dcdf8","Data Label","Global","User Defined","53","0"
"soundCommandType","800dce28","Data Label","Global","User Defined","42","0"
"activeMusicBuffer","800dce2c","Data Label","Global","User Defined","43","0"
"channelData","800dce30","Data Label","Global","User Defined","28","0"
"panData","800dce34","Data Label","Global","User Defined","17","0"
"volumeData","800dce38","Data Label","Global","User Defined","6","0"
"defaultEnvelope1","800dce3c","Data Label","Global","User Defined","3","0"
"defaultEnvelope2","800dce40","Data Label","Global","User Defined","1","0"
"soundStatusFlags","800dea1c","Data Label","Global","User Defined","7","0"
"soundCommandIndex","800dea20","Data Label","Global","User Defined","8","0"
"streamBufferReadPos","800dea48","Data Label","Global","User Defined","7","0"
"streamBufferWritePos","800dea4c","Data Label","Global","User Defined","9","0"
"streamModeFlag","800dea50","Data Label","Global","User Defined","3","0"
"streamSectorCounter","800dea58","Data Label","Global","User Defined","2","0"
"streamMaskValue1","800dea5c","Data Label","Global","User Defined","2","0"
"streamFrameCounter","800dea60","Data Label","Global","User Defined","3","0"
"streamActiveFlag","800dea78","Data Label","Global","User Defined","13","0"
"streamMaskValue2","800dea7c","Data Label","Global","User Defined","4","0"
"streamMaskControl","800dea80","Data Label","Global","User Defined","5","0"
"streamCallbackFunc1","800dead8","Data Label","Global","User Defined","2","0"
"streamCallbackFunc2","800deadc","Data Label","Global","User Defined","3","0"
"movieIRQHandlerStruct","800e4908","Data Label","Global","User Defined","3","0"
"movieIRQMainHandler","800e490c","Data Label","Global","User Defined","2","0"
"movieIRQEdgeHandler","800e4910","Data Label","Global","User Defined","1","0"
"movieIRQStatusFlag","800e4914","Data Label","Global","User Defined","1","0"
"frameBufferDirtyFlags2","800e4918","Data Label","Global","User Defined","3","0"
"frameBufferDirtyFlag1","800e491c","Data Label","Global","User Defined","3","0"
"movieCopyStreamPtr","800e4928","Data Label","Global","User Defined","4","0"
"movieFrameBuffer1","800e4938","Data Label","Global","User Defined","1","0"
"movieFrameBuffer0","800e4980","Data Label","Global","User Defined","1","0"
"movieProcessingBuffer","800e49c8","Data Label","Global","User Defined","4","0"
"movieWritePtr","800e49f8","Data Label","Global","User Defined","3","0"
"movieContextTable","800e4a08","Data Label","Global","User Defined","1","0"
"movieReadPtr","800e4ae8","Data Label","Global","User Defined","3","0"
"switchdataD_800e4bd8","800e4bd8","Data Label","switchD_800ee204","Analysis","1","0"
"fadeControlByteTable","800e4c30","Data Label","Global","User Defined","2","0"
"fadeControlByteTableEnd","800e4c70","Data Label","Global","User Defined","2","0"
"fadeControlTable2End","800e4cb0","Data Label","Global","User Defined","1","0"
"switchdataD_800e4ce0","800e4ce0","Data Label","switchD_800f1e70","Analysis","0","0"
"switchdataD_800e4d68","800e4d68","Data Label","switchD_800f6ec8","Analysis","1","0"
"switchdataD_800e4d88","800e4d88","Data Label","switchD_800f6fe4","Analysis","1","0"
"switchdataD_800e4da8","800e4da8","Data Label","switchD_800f7190","Analysis","1","0"
"switchdataD_800e4f10","800e4f10","Data Label","switchD_800f7774","Analysis","2","0"
"switchdataD_800e4f30","800e4f30","Data Label","switchD_800f7e90","Analysis","1","0"
"saveHeaderTemplate","800e4f50","Data Label","Global","User Defined","2","0"
"switchdataD_800e50d0","800e50d0","Data Label","switchD_800fefac","Analysis","1","0"
"switchdataD_800e519c","800e519c","Data Label","switchD_801001d0","Analysis","0","0"
"switchdataD_800e51d8","800e51d8","Data Label","switchD_80100774","Analysis","1","0"
"switchdataD_800e51f0","800e51f0","Data Label","switchD_80100898","Analysis","1","0"
"switchdataD_800e5208","800e5208","Data Label","switchD_801010b0","Analysis","1","0"
"switchdataD_800e5238","800e5238","Data Label","switchD_80103030","Analysis","1","0"
"switchdataD_800e5258","800e5258","Data Label","switchD_801053c0","Analysis","0","0"
"_NEXT","800e5448","Data Label","Global","User Defined","2","0"
"cacheStatusEmptyStr","800e5464","Data Label","Global","User Defined","2","0"
"cacheStatusPartialStr","800e5468","Data Label","Global","User Defined","2","0"
"cacheStatusFullStr","800e546c","Data Label","Global","User Defined","2","0"
"cacheStatusErrorStr","800e5470","Data Label","Global","User Defined","2","0"
"debugHeaderLine1","800e5474","Data Label","Global","User Defined","3","0"
"PCNO__","800e5475","Data Label","Global","User Defined","3","0"
"debugLabel1","800e547c","Data Label","Global","User Defined","5","0"
"__MC.","800e5480","Data Label","Global","User Defined","3","0"
"_MC.","800e5481","Data Label","Global","User Defined","3","0"
"SSS___","800e5488","Data Label","Global","User Defined","3","0"
"SRL.FLAG","800e5490","Data Label","Global","User Defined","3","1"
"SRL.SHOW","800e549c","Data Label","Global","User Defined","3","1"
"SRL.FILE","800e54a8","Data Label","Global","User Defined","3","1"
"CACHE","800e54b4","Data Label","Global","User Defined","3","1"
"SCEEN_SCRIPT","800e54bc","Data Label","Global","User Defined","3","1"
"BG_FILE","800e54cc","Data Label","Global","User Defined","3","1"
"tpageText1","800e54d8","Data Label","Global","User Defined","2","0"
"_8BIT","800e54d9","Data Label","Global","User Defined","2","0"
"tpageText2","800e54e0","Data Label","Global","User Defined","2","0"
"_16BIT","800e54e1","Data Label","Global","User Defined","3","0"
"submitDebugPrimitiveGrid","800e54e8","Function","Global","User Defined","95","0"
"drawTaiwaWordHighlight","800e57a8","Function","Global","User Defined","18","0"
"drawTaiwaHighlightTileGrid","800e5980","Function","Global","User Defined","36","0"
"dbgScreenPrintInt","800e5d10","Function","Global","User Defined","41","0"
"DbgScreenPrintHex","800e5f34","Function","Global","User Defined","20","0"
"findAvailableCacheSlot","800e60e0","Function","Global","User Defined","1","0"
"cacheFile","800e624c","Function","Global","User Defined","4","0"
"handleYOSICommand","800e647c","Function","Global","User Defined","3","0"
"checkByuuFadeEffectComplete","800e659c","Function","Global","User Defined","1","0"
"statusReturn","800e6700","Instruction Label","Global","User Defined","5","0"
"getValidPortraitCacheSlot","800e6710","Function","Global","User Defined","1","0"
"exitPortraitSlot0Check","800e67d8","Instruction Label","Global","User Defined","1","0"
"loadKanjiBlockToVRAM","800e6984","Function","Global","User Defined","2","0"
"ClampTileFileId","800e69c8","Instruction Label","Global","User Defined","1","0"
"initGpuAndCdromEvents","800e6ca8","Function","Global","User Defined","1","0"
"FUN_800e6e74","800e6e74","Function","Global","Default","1","0"
"FUN_800e7054","800e7054","Function","Global","Default","3","0"
"stubbedOnFrameUpdate","800e72bc","Function","Global","User Defined","1","0"
"stepFrameAndSwapBuffers","800e7524","Function","Global","User Defined","9","0"
"loadTimToVram","800e78b0","Function","Global","User Defined","11","0"
"loadPortraitImageToSlot","800e7a84","Function","Global","User Defined","12","0"
"FUN_800e7bd4","800e7bd4","Function","Global","Default","6","0"
"loadPortraitAssetToSlot","800e7d24","Function","Global","User Defined","10","0"
"loadKanjiTimImages","800e8010","Function","Global","User Defined","10","0"
"load8x8DebugFont","800e8668","Function","Global","User Defined","2","0"
"loadBrainGraphic","800e87c8","Function","Global","User Defined","1","0"
"loadNameEntryGraphicAndPalettes","800e8920","Function","Global","User Defined","8","0"
"loadMesconFontImage","800e8cc4","Function","Global","User Defined","8","0"
"initAddressBookMenuAssets","800e8e80","Function","Global","User Defined","1","0"
"loadKanjiTimData","800e9014","Function","Global","User Defined","7","0"
"loadAndPrepareChapterTimImage","800e916c","Function","Global","User Defined","2","0"
"FUN_800e9318","800e9318","Function","Global","Default","2","0"
"runIdlePortraitTileAnimation","800e945c","Function","Global","User Defined","1","0"
"FUN_800e97f8","800e97f8","Function","Global","Default","1","0"
"FUN_800e9a38","800e9a38","Function","Global","Default","1","0"
"runPortraitFadeOutTiles","800e9c7c","Function","Global","User Defined","1","0"
"ApplyFadeToLeadingTile","800e9d94","Instruction Label","Global","User Defined","1","0"
"ApplyFadeToTrailingTile","800e9ed4","Instruction Label","Global","User Defined","1","0"
"runPortraitFadeIn","800e9fec","Function","Global","User Defined","1","0"
"ApplyFadeInToTile","800ea0f4","Instruction Label","Global","User Defined","1","0"
"SkipFadeCheck","800ea0f8","Instruction Label","Global","User Defined","2","0"
"ClampTileBrightness","800ea100","Instruction Label","Global","User Defined","2","0"
"ApplyFadeInToTile2","800ea23c","Instruction Label","Global","User Defined","1","0"
"SkipFadeCheck2","800ea240","Instruction Label","Global","User Defined","2","0"
"ClampTileBrightness2","800ea248","Instruction Label","Global","User Defined","2","0"
"FUN_800ea360","800ea360","Function","Global","Default","1","0"
"FUN_800ea598","800ea598","Function","Global","Default","1","0"
"FUN_800ea8d0","800ea8d0","Function","Global","Default","1","0"
"FUN_800eac38","800eac38","Function","Global","Default","1","0"
"FUN_800eadf8","800eadf8","Function","Global","Default","1","0"
"FUN_800eb064","800eb064","Function","Global","Default","1","0"
"FUN_800eb2e8","800eb2e8","Function","Global","Default","1","0"
"FUN_800eb4d0","800eb4d0","Function","Global","Default","1","0"
"runPortraitFlashEffect","800eb6b8","Function","Global","User Defined","1","0"
"FUN_800eb8b0","800eb8b0","Function","Global","Default","2","0"
"FUN_800eba84","800eba84","Function","Global","Default","1","0"
"handleFunctionDispatch","800ebd6c","Function","Global","User Defined","9","0"
"checkAndCapWaitCounter","800ebe0c","Instruction Label","Global","User Defined","2","0"
"initTaiwaPrimitiveSystem","800ebe20","Function","Global","User Defined","2","0"
"drawPortraitBackgroundBox","800ec9d8","Function","Global","User Defined","3","0"
"drawPortraitReveal","800ecc20","Function","Global","User Defined","1","0"
"drawPortraitTileGrid","800eced4","Function","Global","User Defined","2","0"
"setupSecondPortraitAndRenderGrid","800ed1b0","Function","Global","User Defined","1","0"
"setupPortraitRenderContext","800ed3d0","Function","Global","User Defined","1","0"
"drawPortraitSelectionBoxes","800ed4d8","Function","Global","User Defined","1","0"
"drawStandardPortraitBox","800ed5f0","Instruction Label","Global","User Defined","1","0"
"drawPortrait","800ed780","Function","Global","User Defined","3","0"
"renderPortraitPrimitive","800ed944","Instruction Label","Global","User Defined","5","0"
"drawTaiwaHighlightBars","800edbac","Function","Global","User Defined","1","0"
"drawTaiwaHighlightBarSegment","800edf30","Function","Global","User Defined","15","0"
"switchD","800ee204","Instruction Label","switchD_800ee204","Analysis","0","0"
"caseD_0","800ee20c","Instruction Label","switchD_800ee204","Analysis","2","0"
"caseD_1","800ee214","Instruction Label","switchD_800ee204","Analysis","3","0"
"caseD_2","800ee214","Instruction Label","switchD_800ee204","Analysis","0","0"
"caseD_3","800ee21c","Instruction Label","switchD_800ee204","Analysis","2","0"
"caseD_4","800ee224","Instruction Label","switchD_800ee204","Analysis","2","0"
"caseD_5","800ee22c","Instruction Label","switchD_800ee204","Analysis","2","0"
"caseD_6","800ee234","Instruction Label","switchD_800ee204","Analysis","2","0"
"caseD_7","800ee23c","Instruction Label","switchD_800ee204","Analysis","2","0"
"caseD_8","800ee244","Instruction Label","switchD_800ee204","Analysis","2","0"
"caseD_9","800ee24c","Instruction Label","switchD_800ee204","Analysis","2","0"
"caseD_a","800ee254","Instruction Label","switchD_800ee204","Analysis","2","0"
"caseD_b","800ee25c","Instruction Label","switchD_800ee204","Analysis","2","0"
"caseD_c","800ee264","Instruction Label","switchD_800ee204","Analysis","2","0"
"caseD_d","800ee26c","Instruction Label","switchD_800ee204","Analysis","2","0"
"caseD_e","800ee270","Instruction Label","switchD_800ee204","Analysis","14","0"
"animateTaiwaHighlightSegments","800ee388","Function","Global","User Defined","4","0"
"drawPortraitSelectionHighlight","800ee56c","Function","Global","User Defined","6","0"
"drawTaiwaSelectionBoxes","800ee94c","Function","Global","User Defined","1","0"
"drawDebugTextOverlay","800eed50","Function","Global","User Defined","2","0"
"drawTwoDigitNumber","800eee78","Function","Global","User Defined","3","0"
"drawStoryDateDisplay","800ef0c4","Function","Global","User Defined","1","0"
"drawSaveSlotEntry","800efc20","Function","Global","User Defined","5","0"
"animateTaiwaTextBarClut","800f101c","Function","Global","User Defined","1","0"
"updateTaiwaFadeState","800f118c","Function","Global","User Defined","1","0"
"updateTaiwaTextBarFade","800f13ac","Function","Global","User Defined","1","0"
"updateFadeSlotColor","800f1744","Function","Global","User Defined","3","0"
"updateAllFadeSlotsFromScript","800f17e8","Function","Global","User Defined","1","0"
"drawConditionalTaiwaHighlight","800f18dc","Function","Global","User Defined","16","0"
"skipSecondHighlightIfNotSelected","800f1a04","Instruction Label","Global","User Defined","1","0"
"updateTaiwaSelectionEffects","800f1a54","Function","Global","User Defined","1","0"
"drawUniversalHighlight","800f1e0c","Instruction Label","Global","User Defined","1","0"
"switchD","800f1e70","Instruction Label","switchD_800f1e70","Analysis","0","0"
"caseD_0","800f1e78","Instruction Label","switchD_800f1e70","Analysis","2","0"
"caseD_1","800f1fa0","Instruction Label","switchD_800f1e70","Analysis","2","0"
"caseD_2","800f2170","Instruction Label","switchD_800f1e70","Analysis","2","0"
"drawInputDependentHighlight","800f24b4","Instruction Label","Global","User Defined","6","0"
"caseD_3","800f25d4","Instruction Label","switchD_800f1e70","Analysis","2","0"
"drawSimplePortraitHighlight","800f2634","Instruction Label","Global","User Defined","1","0"
"drawPortraitAuxiliaryBars","800f263c","Instruction Label","Global","User Defined","1","0"
"caseD_4","800f265c","Instruction Label","switchD_800f1e70","Analysis","2","0"
"caseD_5","800f297c","Instruction Label","switchD_800f1e70","Analysis","2","0"
"caseD_6","800f2a5c","Instruction Label","switchD_800f1e70","Analysis","9","0"
"drawTaiwaScreenUI","800f2c3c","Function","Global","User Defined","3","0"
"resetPortraitClutAndUpload","800f3414","Function","Global","User Defined","2","0"
"FUN_800f3598","800f3598","Function","Global","Default","2","0"
"FUN_800f3780","800f3780","Function","Global","Default","3","0"
"FUN_800f39c4","800f39c4","Function","Global","Default","3","0"
"updatePortraitSlotDrawArea","800f3cac","Function","Global","User Defined","2","0"
"FUN_800f3dc8","800f3dc8","Function","Global","Default","1","0"
"allocatePortraitAnimSlot","800f3f70","Function","Global","User Defined","7","0"
"updateMessageBoxVisibility","800f4118","Function","Global","User Defined","1","0"
"updatePortraitSlotTransitions","800f4330","Function","Global","User Defined","1","0"
"recordDemoInputFrame","800f44a8","Function","Global","User Defined","1","0"
"FUN_800f4524","800f4524","Function","Global","Default","1","0"
"cancelDemoPlaybackAndResetState","800f45c0","Function","Global","User Defined","2","0"
"pollAndProcessControllerInput","800f46c0","Function","Global","User Defined","8","0"
"updateActiveDigitEditor","800f4adc","Function","Global","User Defined","3","0"
"updatePortraitDebugSlot","800f4c74","Function","Global","User Defined","2","0"
"loadPortraitDrawConfig","800f4e60","Instruction Label","Global","User Defined","2","0"
"playSoundAndExit","800f4e6c","Instruction Label","Global","User Defined","3","0"
"loadPortraitDrawConfigInc","800f4f68","Instruction Label","Global","User Defined","2","0"
"loadPortraitDrawConfigDec","800f507c","Instruction Label","Global","User Defined","2","0"
"finalizePortraitDebugUpdate","800f5090","Instruction Label","Global","User Defined","2","0"
"setupDebugHighlightDrawModes","800f5130","Function","Global","User Defined","3","0"
"FUN_800f5248","800f5248","Function","Global","Default","1","0"
"loadInGameMenuBackground","800f5378","Function","Global","User Defined","1","0"
"initSaveLoadMenuResources","800f5538","Function","Global","User Defined","1","0"
"updateDebugMenuState","800f56d8","Function","Global","User Defined","1","0"
"FUN_800f5d04","800f5d04","Function","Global","Default","1","0"
"FUN_800f5f6c","800f5f6c","Function","Global","Default","1","0"
"FUN_800f6090","800f6090","Function","Global","Default","2","0"
"FUN_800f61d8","800f61d8","Function","Global","Default","4","0"
"FUN_800f6454","800f6454","Function","Global","Default","1","0"
"FUN_800f6534","800f6534","Function","Global","Default","1","0"
"FUN_800f6704","800f6704","Function","Global","Default","3","0"
"FUN_800f694c","800f694c","Function","Global","Default","3","0"
"FUN_800f6b38","800f6b38","Function","Global","Default","3","0"
"FUN_800f6bd0","800f6bd0","Function","Global","Default","1","0"
"FUN_800f6d04","800f6d04","Function","Global","Default","5","0"
"FUN_800f6e7c","800f6e7c","Function","Global","Default","4","0"
"switchD","800f6ec8","Instruction Label","switchD_800f6ec8","Analysis","0","0"
"caseD_0","800f6ed0","Instruction Label","switchD_800f6ec8","Analysis","3","0"
"caseD_1","800f6ed0","Instruction Label","switchD_800f6ec8","Analysis","0","0"
"caseD_2","800f6ed8","Instruction Label","switchD_800f6ec8","Analysis","3","0"
"caseD_3","800f6ed8","Instruction Label","switchD_800f6ec8","Analysis","0","0"
"caseD_4","800f6ee0","Instruction Label","switchD_800f6ec8","Analysis","3","0"
"caseD_5","800f6ee0","Instruction Label","switchD_800f6ec8","Analysis","0","0"
"caseD_6","800f6ee8","Instruction Label","switchD_800f6ec8","Analysis","3","0"
"caseD_7","800f6ee8","Instruction Label","switchD_800f6ec8","Analysis","0","0"
"caseD_8","800f6eec","Instruction Label","switchD_800f6ec8","Analysis","5","0"
"FUN_800f6fa0","800f6fa0","Function","Global","Default","2","0"
"switchD","800f6fe4","Instruction Label","switchD_800f6fe4","Analysis","0","0"
"caseD_1","800f6fec","Instruction Label","switchD_800f6fe4","Analysis","2","0"
"caseD_2","800f6ff4","Instruction Label","switchD_800f6fe4","Analysis","2","0"
"caseD_3","800f7008","Instruction Label","switchD_800f6fe4","Analysis","2","0"
"caseD_4","800f7010","Instruction Label","switchD_800f6fe4","Analysis","2","0"
"caseD_5","800f7024","Instruction Label","switchD_800f6fe4","Analysis","2","0"
"caseD_6","800f702c","Instruction Label","switchD_800f6fe4","Analysis","2","0"
"caseD_7","800f7040","Instruction Label","switchD_800f6fe4","Analysis","2","0"
"caseD_0","800f7054","Instruction Label","switchD_800f6fe4","Analysis","2","0"
"caseD_8","800f705c","Instruction Label","switchD_800f6fe4","Analysis","2","0"
"FUN_800f7134","800f7134","Function","Global","Default","4","0"
"switchD","800f7190","Instruction Label","switchD_800f7190","Analysis","0","0"
"caseD_1","800f7198","Instruction Label","switchD_800f7190","Analysis","2","0"
"caseD_2","800f71a8","Instruction Label","switchD_800f7190","Analysis","2","0"
"caseD_3","800f71b8","Instruction Label","switchD_800f7190","Analysis","2","0"
"caseD_4","800f71c8","Instruction Label","switchD_800f7190","Analysis","2","0"
"caseD_5","800f71d8","Instruction Label","switchD_800f7190","Analysis","2","0"
"caseD_6","800f71e8","Instruction Label","switchD_800f7190","Analysis","2","0"
"caseD_0","800f71f8","Instruction Label","switchD_800f7190","Analysis","2","0"
"caseD_7","800f7200","Instruction Label","switchD_800f7190","Analysis","3","0"
"FUN_800f73ac","800f73ac","Function","Global","Default","1","0"
"switchD","800f7774","Instruction Label","switchD_800f7774","Analysis","0","0"
"caseD_64","800f777c","Instruction Label","switchD_800f7774","Analysis","2","0"
"caseD_65","800f7788","Instruction Label","switchD_800f7774","Analysis","2","0"
"caseD_66","800f7794","Instruction Label","switchD_800f7774","Analysis","2","0"
"caseD_67","800f77a0","Instruction Label","switchD_800f7774","Analysis","2","0"
"caseD_68","800f77ac","Instruction Label","switchD_800f7774","Analysis","2","0"
"caseD_69","800f77b8","Instruction Label","switchD_800f7774","Analysis","2","0"
"caseD_6a","800f77c4","Instruction Label","switchD_800f7774","Analysis","2","0"
"caseD_6b","800f77d0","Instruction Label","switchD_800f7774","Analysis","2","0"
"caseD_8","800f77e0","Instruction Label","switchD_800f7774","Analysis","5","0"
"switchD","800f7e90","Instruction Label","switchD_800f7e90","Analysis","0","0"
"caseD_0","800f7e98","Instruction Label","switchD_800f7e90","Analysis","2","0"
"caseD_1","800f7ea0","Instruction Label","switchD_800f7e90","Analysis","2","0"
"caseD_2","800f7ea8","Instruction Label","switchD_800f7e90","Analysis","2","0"
"caseD_3","800f7eb4","Instruction Label","switchD_800f7e90","Analysis","2","0"
"caseD_4","800f7ec0","Instruction Label","switchD_800f7e90","Analysis","2","0"
"caseD_5","800f7ec8","Instruction Label","switchD_800f7e90","Analysis","6","0"
"testGpuAndCdromEventState","800f8d64","Function","Global","User Defined","4","0"
"checkGpuEventStatus","800f8fb8","Function","Global","User Defined","6","0"
"writeSaveMetadataBlock","800f908c","Function","Global","User Defined","2","0"
"loadSaveSlotIconsToVram","800f9434","Function","Global","User Defined","1","0"
"loadMemoryCardSaveHeaders","800f963c","Function","Global","User Defined","1","0"
"loadSaveSlotNamesFromMemoryCard","800f9a1c","Function","Global","User Defined","3","0"
"retryFileScanLoop","800f9ac0","Instruction Label","Global","User Defined","1","0"
"waitForGpuEventLoop","800f9acc","Instruction Label","Global","User Defined","2","0"
"handleGpuEventResult","800f9b00","Instruction Label","Global","User Defined","1","0"
"handleGpuErrorFadeout","800f9b58","Instruction Label","Global","User Defined","3","0"
"exitAfterGpuEventOrFail","800f9b84","Instruction Label","Global","User Defined","2","0"
"FUN_800f9d44","800f9d44","Function","Global","Default","2","0"
"FUN_800fa16c","800fa16c","Function","Global","Default","1","0"
"tryLoadGameFromMemoryCard","800fa4f8","Function","Global","User Defined","1","0"
"handleSaveLoadFailure","800fa89c","Instruction Label","Global","User Defined","2","0"
"loadPortraitAnimationScript","800fabd8","Function","Global","User Defined","30","0"
"handlePortraitOrPalette","800fad58","Instruction Label","Global","User Defined","2","0"
"advanceToNextScriptEntry","800fad94","Instruction Label","Global","User Defined","5","0"
"runDebugChapterSelectionMenu","800faddc","Function","Global","User Defined","1","0"
"enableInitialGlobalVars","800fec6c","Function","Global","User Defined","1","0"
"startAttractModeDemo","800fee40","Function","Global","User Defined","1","0"
"dispatchTitleMenuAction","800fef58","Function","Global","User Defined","1","0"
"switchD","800fefac","Instruction Label","switchD_800fefac","Analysis","0","0"
"caseD_0","800fefb4","Instruction Label","switchD_800fefac","Analysis","2","0"
"caseD_1","800ff0cc","Instruction Label","switchD_800fefac","Analysis","2","0"
"caseD_2","800ff1f4","Instruction Label","switchD_800fefac","Analysis","2","0"
"caseD_3","800ff29c","Instruction Label","switchD_800fefac","Analysis","2","0"
"caseD_4","800ff374","Instruction Label","switchD_800fefac","Analysis","2","0"
"jumpTo_LoadAndStartStoryScript","800ff414","Instruction Label","Global","User Defined","2","0"
"caseD_5","800ff444","Instruction Label","switchD_800fefac","Analysis","2","0"
"caseD_6","800ff45c","Instruction Label","switchD_800fefac","Analysis","2","0"
"caseD_7","800ff464","Instruction Label","switchD_800fefac","Analysis","6","0"
"FUN_800ff478","800ff478","Function","Global","Default","4","0"
"FUN_800ff638","800ff638","Function","Global","Default","1","0"
"initSelectionMenu","800ff794","Function","Global","User Defined","1","0"
"resetNewsSystem","800ff8a4","Function","Global","User Defined","2","0"
"FUN_800ff98c","800ff98c","Function","Global","Default","1","0"
"FUN_8010014c","8010014c","Function","Global","Default","2","0"
"switchD","801001d0","Instruction Label","switchD_801001d0","Analysis","0","0"
"caseD_1","801001d8","Instruction Label","switchD_801001d0","Analysis","2","0"
"caseD_2","80100244","Instruction Label","switchD_801001d0","Analysis","2","0"
"caseD_3","80100264","Instruction Label","switchD_801001d0","Analysis","2","0"
"caseD_4","801003dc","Instruction Label","switchD_801001d0","Analysis","6","0"
"FUN_80100400","80100400","Function","Global","Default","1","0"
"switchD","80100774","Instruction Label","switchD_80100774","Analysis","0","0"
"caseD_1","8010077c","Instruction Label","switchD_80100774","Analysis","2","0"
"caseD_2","801007e8","Instruction Label","switchD_80100774","Analysis","2","0"
"caseD_3","80100808","Instruction Label","switchD_80100774","Analysis","2","0"
"caseD_0","80100834","Instruction Label","switchD_80100774","Analysis","6","0"
"caseD_4","80100834","Instruction Label","switchD_80100774","Analysis","0","0"
"switchD","80100898","Instruction Label","switchD_80100898","Analysis","0","0"
"caseD_1","801008a0","Instruction Label","switchD_80100898","Analysis","2","0"
"caseD_2","8010090c","Instruction Label","switchD_80100898","Analysis","2","0"
"caseD_3","8010092c","Instruction Label","switchD_80100898","Analysis","2","0"
"caseD_0","80100958","Instruction Label","switchD_80100898","Analysis","6","0"
"caseD_4","80100958","Instruction Label","switchD_80100898","Analysis","0","0"
"pruneTaiwaSelectionSlots","80100c48","Function","Global","User Defined","32","0"
"FUN_80100cd4","80100cd4","Function","Global","Default","2","0"
"FUN_80100ee4","80100ee4","Function","Global","Default","1","0"
"FUN_80100fd8","80100fd8","Function","Global","Default","3","0"
"switchD","801010b0","Instruction Label","switchD_801010b0","Analysis","0","0"
"caseD_0","801010b8","Instruction Label","switchD_801010b0","Analysis","2","0"
"caseD_1","801011fc","Instruction Label","switchD_801010b0","Analysis","3","0"
"caseD_2","801011fc","Instruction Label","switchD_801010b0","Analysis","0","0"
"caseD_3","80101484","Instruction Label","switchD_801010b0","Analysis","2","0"
"caseD_4","80101664","Instruction Label","switchD_801010b0","Analysis","2","0"
"caseD_5","8010184c","Instruction Label","switchD_801010b0","Analysis","2","0"
"FUN_80101854","80101854","Function","Global","Default","2","0"
"FUN_8010193c","8010193c","Function","Global","Default","13","0"
"updatePortraitSelectionInput","80101ed4","Function","Global","User Defined","1","0"
"handlePortraitSelectConfirmation","8010220c","Function","Global","User Defined","1","0"
"defaultIndexClamp","801023a0","Instruction Label","Global","User Defined","1","0"
"adjustIndexExpression2","801023d8","Instruction Label","Global","User Defined","1","0"
"adjustIndexExpression1","801023e0","Instruction Label","Global","User Defined","2","0"
"loadIndexClampAndReturn","801023fc","Instruction Label","Global","User Defined","1","0"
"adjustFinalPortraitId2","801025c4","Instruction Label","Global","User Defined","2","0"
"adjustFinalPortraitId1","801025cc","Instruction Label","Global","User Defined","2","0"
"unpackAmpackPortraitData","80102704","Instruction Label","Global","User Defined","2","0"
"unpackAmpackOnCancel","801029c4","Instruction Label","Global","User Defined","2","0"
"handleCancelOrReset","80102a18","Instruction Label","Global","User Defined","2","0"
"fadeInPortraitIfIdle","80102b00","Instruction Label","Global","User Defined","1","0"
"FUN_80102ba4","80102ba4","Function","Global","Default","1","0"
"FUN_80102c74","80102c74","Function","Global","Default","1","0"
"FUN_80102dc8","80102dc8","Function","Global","Default","1","0"
"switchD","80103030","Instruction Label","switchD_80103030","Analysis","0","0"
"caseD_0","80103038","Instruction Label","switchD_80103030","Analysis","2","0"
"caseD_1","80103044","Instruction Label","switchD_80103030","Analysis","2","0"
"caseD_2","80103050","Instruction Label","switchD_80103030","Analysis","2","0"
"caseD_3","8010305c","Instruction Label","switchD_80103030","Analysis","2","0"
"caseD_4","80103064","Instruction Label","switchD_80103030","Analysis","2","0"
"caseD_5","80103070","Instruction Label","switchD_80103030","Analysis","2","0"
"caseD_6","8010307c","Instruction Label","switchD_80103030","Analysis","2","0"
"caseD_7","80103084","Instruction Label","switchD_80103030","Analysis","7","0"
"FUN_80103604","80103604","Function","Global","Default","1","0"
"FUN_80103914","80103914","Function","Global","Default","1","0"
"FUN_80103e34","80103e34","Function","Global","Default","1","0"
"FUN_80104a64","80104a64","Function","Global","Default","6","0"
"FUN_80104af4","80104af4","Function","Global","Default","1","0"
"FUN_80104e48","80104e48","Function","Global","Default","2","0"
"FUN_801050fc","801050fc","Function","Global","Default","3","0"
"FUN_801051cc","801051cc","Function","Global","Default","7","0"
"updateMenuEffectState","801052b8","Function","Global","User Defined","1","0"
"switchD","801053c0","Instruction Label","switchD_801053c0","Analysis","0","0"
"caseD_1","801053c8","Instruction Label","switchD_801053c0","Analysis","2","0"
"caseD_16","80105640","Instruction Label","switchD_801053c0","Analysis","2","0"
"caseD_17","801056b4","Instruction Label","switchD_801053c0","Analysis","2","0"
"caseD_18","801056ec","Instruction Label","switchD_801053c0","Analysis","2","0"
"caseD_2","80105750","Instruction Label","switchD_801053c0","Analysis","2","0"
"caseD_3","80105cc4","Instruction Label","switchD_801053c0","Analysis","2","0"
"caseD_4","80105df0","Instruction Label","switchD_801053c0","Analysis","2","0"
"caseD_5","80105ee4","Instruction Label","switchD_801053c0","Analysis","2","0"
"caseD_32","8010605c","Instruction Label","switchD_801053c0","Analysis","2","0"
"caseD_37","80106220","Instruction Label","switchD_801053c0","Analysis","2","0"
"caseD_6","801062c4","Instruction Label","switchD_801053c0","Analysis","2","0"
"caseD_7","80106330","Instruction Label","switchD_801053c0","Analysis","2","0"
"caseD_8","80106448","Instruction Label","switchD_801053c0","Analysis","57","0"
"caseD_9","80106448","Instruction Label","switchD_801053c0","Analysis","0","0"
"caseD_a","80106448","Instruction Label","switchD_801053c0","Analysis","0","0"
"caseD_b","80106448","Instruction Label","switchD_801053c0","Analysis","0","0"
"caseD_c","80106448","Instruction Label","switchD_801053c0","Analysis","0","0"
"caseD_d","80106448","Instruction Label","switchD_801053c0","Analysis","0","0"
"caseD_e","80106448","Instruction Label","switchD_801053c0","Analysis","0","0"
"caseD_f","80106448","Instruction Label","switchD_801053c0","Analysis","0","0"
"caseD_10","80106448","Instruction Label","switchD_801053c0","Analysis","0","0"
"caseD_11","80106448","Instruction Label","switchD_801053c0","Analysis","0","0"
"caseD_12","80106448","Instruction Label","switchD_801053c0","Analysis","0","0"
"caseD_13","80106448","Instruction Label","switchD_801053c0","Analysis","0","0"
"caseD_14","80106448","Instruction Label","switchD_801053c0","Analysis","0","0"
"caseD_15","80106448","Instruction Label","switchD_801053c0","Analysis","0","0"
"caseD_19","80106448","Instruction Label","switchD_801053c0","Analysis","0","0"
"caseD_1a","80106448","Instruction Label","switchD_801053c0","Analysis","0","0"
"caseD_1b","80106448","Instruction Label","switchD_801053c0","Analysis","0","0"
"caseD_1c","80106448","Instruction Label","switchD_801053c0","Analysis","0","0"
"caseD_1d","80106448","Instruction Label","switchD_801053c0","Analysis","0","0"
"caseD_1e","80106448","Instruction Label","switchD_801053c0","Analysis","0","0"
"caseD_1f","80106448","Instruction Label","switchD_801053c0","Analysis","0","0"
"caseD_20","80106448","Instruction Label","switchD_801053c0","Analysis","0","0"
"caseD_21","80106448","Instruction Label","switchD_801053c0","Analysis","0","0"
"caseD_22","80106448","Instruction Label","switchD_801053c0","Analysis","0","0"
"caseD_23","80106448","Instruction Label","switchD_801053c0","Analysis","0","0"
"caseD_24","80106448","Instruction Label","switchD_801053c0","Analysis","0","0"
"caseD_25","80106448","Instruction Label","switchD_801053c0","Analysis","0","0"
"caseD_26","80106448","Instruction Label","switchD_801053c0","Analysis","0","0"
"caseD_27","80106448","Instruction Label","switchD_801053c0","Analysis","0","0"
"caseD_28","80106448","Instruction Label","switchD_801053c0","Analysis","0","0"
"caseD_29","80106448","Instruction Label","switchD_801053c0","Analysis","0","0"
"caseD_2a","80106448","Instruction Label","switchD_801053c0","Analysis","0","0"
"caseD_2b","80106448","Instruction Label","switchD_801053c0","Analysis","0","0"
"caseD_2c","80106448","Instruction Label","switchD_801053c0","Analysis","0","0"
"caseD_2d","80106448","Instruction Label","switchD_801053c0","Analysis","0","0"
"caseD_2e","80106448","Instruction Label","switchD_801053c0","Analysis","0","0"
"caseD_2f","80106448","Instruction Label","switchD_801053c0","Analysis","0","0"
"caseD_30","80106448","Instruction Label","switchD_801053c0","Analysis","0","0"
"caseD_31","80106448","Instruction Label","switchD_801053c0","Analysis","0","0"
"caseD_33","80106448","Instruction Label","switchD_801053c0","Analysis","0","0"
"caseD_34","80106448","Instruction Label","switchD_801053c0","Analysis","0","0"
"caseD_35","80106448","Instruction Label","switchD_801053c0","Analysis","0","0"
"caseD_36","80106448","Instruction Label","switchD_801053c0","Analysis","0","0"
"FUN_8010666c","8010666c","Function","Global","Default","6","0"
"FUN_801067c8","801067c8","Function","Global","Default","1","0"
"FUN_80106a84","80106a84","Function","Global","Default","1","0"
"runGameLoop","80106c50","Function","Global","User Defined","1","0"
"FUN_80106d44","80106d44","Function","Global","Default","1","0"
"resetAndSubmitDebugOverlayPrimitives","801072c0","Function","Global","User Defined","1","0"
"resetFullGameRuntimeState","80109064","Function","Global","User Defined","5","0"
"drawDebugHorizontalCursorMarker","80109568","Function","Global","User Defined","3","0"
"drawPortraitSlotDebug","80109bf8","Function","Global","User Defined","2","0"
"drawFaceSlotBoxDebug","8010a5e4","Function","Global","User Defined","2","0"
"printCacheSlotStatus","8010ab9c","Function","Global","User Defined","3","0"
"displayVMDebugPanel","8010aed8","Function","Global","User Defined","1","0"
"drawTaiwaDebugOverlay","8010b70c","Function","Global","User Defined","2","0"
"sendPortraitCommand","8010bca0","Function","Global","User Defined","8","0"
"callScriptFunctionById","8010bd38","Function","Global","User Defined","4","0"
"FUN_8010bda8","8010bda8","Function","Global","Default","1","0"
"doEffectB","8010be58","Function","Global","User Defined","1","0"
"setNews","8010bed4","Function","Global","User Defined","1","0"
"clearNewsState","8010beec","Function","Global","User Defined","1","0"
"setNewsValue","8010bf0c","Function","Global","User Defined","1","0"
"loadKanjiById","8010bf64","Function","Global","User Defined","1","0"
"resetPortraitCacheStatus","8010bf88","Function","Global","User Defined","6","0"
"openMenuById","8010bfb8","Function","Global","User Defined","2","0"
"playMovie","8010bfd8","Function","Global","User Defined","1","0"
"setupExtendedMovieFlashEffect","8010bff8","Function","Global","User Defined","1","0"
"triggerMovieFlashEffect","8010c054","Function","Global","User Defined","1","0"
"getPackedDisplayHeightOffset","8010c084","Function","Global","User Defined","3","0"
"clearScreenAndResetDisplay","8010c09c","Function","Global","User Defined","1","0"
"setTPageParamForCurrentAndScreenPage","8010c124","Function","Global","User Defined","2","0"
"advanceDebugTextCursor","8010c168","Function","Global","User Defined","25","0"
"writeCharToDebugBuffer","8010c1a8","Function","Global","User Defined","1","0"
"dbgScreenPrintString","8010c24c","Function","Global","User Defined","145","0"
"advanceFramesWithDebugUpdate","8010c370","Function","Global","User Defined","3","0"
"FUN_8010c3d4","8010c3d4","Function","Global","Default","1","0"
"FUN_8010c45c","8010c45c","Function","Global","Default","1","0"
"resetPortraitSlotsAndDrawAreas","8010c648","Function","Global","User Defined","8","0"
"resetTaiwaFadeTimers","8010c9c8","Function","Global","User Defined","1","0"
"waitWithDialogueUI","8010c9e4","Function","Global","User Defined","37","0"
"playDialogueMessage","8010ca44","Function","Global","User Defined","4","0"
"playSystemMessage","8010caac","Function","Global","User Defined","3","0"
"FUN_8010cb14","8010cb14","Function","Global","Default","1","0"
"doGame","8010cb70","Function","Global","User Defined","1","0"
"kanjiTileVRAMMap","8010cb90","Data Label","Global","User Defined","1","0"
"scriptFunctionTable","8010cc8c","Data Label","Global","User Defined","1","0"
"digitTileU","8010ccb8","Data Label","Global","User Defined","21","0"
"digitTileV","8010ccb9","Data Label","Global","User Defined","21","0"
"digitTileWidth","8010ccba","Data Label","Global","User Defined","21","0"
"scriptLoopControlTable","8010cd14","Data Label","Global","User Defined","3","0"
"expressionCommandTable","8010cd2c","Data Label","Global","User Defined","1","0"
"portraitIdTable","8010cef8","Data Label","Global","User Defined","3","0"
"portraitModeTable","8010cef9","Data Label","Global","User Defined","5","0"
"cachedFileGroupId","8010d1b6","Data Label","Global","User Defined","7","0"
"cachedFileId","8010d1b8","Data Label","Global","User Defined","7","0"
"currentCacheDataPtr","8010d1bc","Data Label","Global","User Defined","4","0"
"cacheSlotStatus","8010d1c0","Data Label","Global","User Defined","8","0"
"portraitCache3Active","8010d1c2","Data Label","Global","User Defined","4","0"
"portraitCache4Active","8010d1c4","Data Label","Global","User Defined","4","0"
"portraitLastRejectedCacheStatus","8010d1c8","Data Label","Global","User Defined","4","0"
"saveSlotValidityFlags","8010d1d0","Data Label","Global","User Defined","3","0"
"saveHeaderBlock","8010d1e0","Data Label","Global","User Defined","3","0"
"saveHeaderBlockByte1","8010d1e1","Data Label","Global","User Defined","1","0"
"saveHeaderBlockByte2","8010d1e2","Data Label","Global","User Defined","1","0"
"saveHeaderBlockByte3","8010d1e3","Data Label","Global","User Defined","2","0"
"saveHeaderString","8010d1e4","Data Label","Global","User Defined","2","0"
"saveHeaderSlotDigit1","8010d201","Data Label","Global","User Defined","1","0"
"saveHeaderSlotDigit2","8010d203","Data Label","Global","User Defined","1","0"
"saveHeaderSaveModeDigit","8010d207","Data Label","Global","User Defined","1","0"
"saveHeaderMinutesDigit1","8010d20d","Data Label","Global","User Defined","1","0"
"saveHeaderMinutesDigit2","8010d20f","Data Label","Global","User Defined","1","0"
"saveHeaderSecondsDigit1","8010d213","Data Label","Global","User Defined","1","0"
"saveHeaderSecondsDigit2","8010d215","Data Label","Global","User Defined","1","0"
"savedPlayTimeHours","8010d3e2","Data Label","Global","User Defined","2","0"
"savedPlayTimeMinutes","8010d3e4","Data Label","Global","User Defined","2","0"
"savedPlayTimeSeconds","8010d3e6","Data Label","Global","User Defined","2","0"
"saveModeOrRegion","8010d3e8","Data Label","Global","User Defined","2","0"
"saveScriptId","8010d3ec","Data Label","Global","User Defined","2","0"
"saveDataLength","8010d3ee","Data Label","Global","User Defined","3","0"
"expectedSaveChecksum","8010d3f0","Data Label","Global","User Defined","2","0"
"saveDataBuffer","8010d3f2","Data Label","Global","User Defined","5","0"
"mesconFontBufferEnd","8010f1df","Data Label","Global","User Defined","1","0"
"saveSlotIndex","8010f1e0","Data Label","Global","User Defined","3","0"
"saveHeaderTitleId","8010f1e2","Data Label","Global","User Defined","3","0"
"saveHeaderChecksum","8010f1e4","Data Label","Global","User Defined","3","0"
"saveHeaderTimestampLow","8010f1e6","Data Label","Global","User Defined","3","0"
"saveHeaderTimestampHigh","8010f1e8","Data Label","Global","User Defined","4","0"
"saveHeaderFlags1","8010f1ea","Data Label","Global","User Defined","3","0"
"saveHeaderFlags2","8010f1ec","Data Label","Global","User Defined","2","0"
"saveHeaderTypeCode","8010f1ee","Data Label","Global","User Defined","2","0"
"debugTextBuffer","8010f2f0","Data Label","Global","User Defined","24","0"
"drawBuffer0","8010f570","Data Label","Global","User Defined","10","0"
"dispEnv0","8010f5cc","Data Label","Global","User Defined","2","0"
"drawAreaBuffer1","801122d0","Data Label","Global","User Defined","3","0"
"fadeColorBuffer1_R","80114734","Data Label","Global","User Defined","2","0"
"fadeColorBuffer1_G","80114735","Data Label","Global","User Defined","2","0"
"fadeColorBuffer1_B","80114736","Data Label","Global","User Defined","2","0"
"debugPrimitiveBufferA_X","8011473c","Data Label","Global","User Defined","8","0"
"debugPrimitiveBufferA_Y","8011473d","Data Label","Global","User Defined","8","0"
"debugPrimitiveBufferAclut","8011473e","Data Label","Global","User Defined","1","0"
"debugDrawModeA","80119230","Data Label","Global","User Defined","1","0"
"highlightBox0_X1","8011977c","Data Label","Global","User Defined","3","0"
"highlightBox0_Y1","8011977e","Data Label","Global","User Defined","3","0"
"highlightBox0_X2","80119784","Data Label","Global","User Defined","3","0"
"highlightBox0_Y2","80119786","Data Label","Global","User Defined","3","0"
"highlightBox1_X1","8011978c","Data Label","Global","User Defined","3","0"
"highlightBox1_Y1","8011978e","Data Label","Global","User Defined","3","0"
"highlightBox1_X2","80119794","Data Label","Global","User Defined","3","0"
"highlightBox1_Y2","80119796","Data Label","Global","User Defined","3","0"
"taiwaOverlayTile1_R","80119808","Data Label","Global","User Defined","1","0"
"taiwaOverlayTile1_G","80119809","Data Label","Global","User Defined","1","0"
"taiwaOverlayTile1_B","8011980a","Data Label","Global","User Defined","1","0"
"taiwaOverlayTile2_R","80119810","Data Label","Global","User Defined","1","0"
"taiwaOverlayTile2_G","80119811","Data Label","Global","User Defined","1","0"
"taiwaOverlayTile2_B","80119812","Data Label","Global","User Defined","1","0"
"taiwaOverlayTile3_R","80119818","Data Label","Global","User Defined","1","0"
"taiwaOverlayTile3_G","80119819","Data Label","Global","User Defined","1","0"
"taiwaOverlayTile3_B","8011981a","Data Label","Global","User Defined","1","0"
"taiwaOverlayTile4_R","80119820","Data Label","Global","User Defined","1","0"
"taiwaOverlayTile4_G","80119821","Data Label","Global","User Defined","1","0"
"taiwaOverlayTile4_B","80119822","Data Label","Global","User Defined","1","0"
"drawBuffer1","8011df50","Data Label","Global","User Defined","11","0"
"dispEnv1","8011dfac","Data Label","Global","User Defined","2","0"
"drawAreaBuffer0","80120cb0","Data Label","Global","User Defined","3","0"
"fadeColorBuffer2_R","80123114","Data Label","Global","User Defined","2","0"
"fadeColorBuffer2_G","80123115","Data Label","Global","User Defined","2","0"
"fadeColorBuffer2_B","80123116","Data Label","Global","User Defined","2","0"
"debugPrimitiveBufferB_X","8012311c","Data Label","Global","User Defined","8","0"
"debugPrimitiveBufferB_Y","8012311d","Data Label","Global","User Defined","8","0"
"debugPrimitiveBufferBclut","8012311e","Data Label","Global","User Defined","1","0"
"debugDrawModeB","80127c10","Data Label","Global","User Defined","1","0"
"highlightClipRectX1","8012815c","Data Label","Global","User Defined","3","0"
"highlightClipRectY1","8012815e","Data Label","Global","User Defined","3","0"
"highlightClipRectX2","80128164","Data Label","Global","User Defined","3","0"
"highlightClipRectY2","80128166","Data Label","Global","User Defined","3","0"
"highlightClipRectX1_B","8012816c","Data Label","Global","User Defined","3","0"
"highlightAreaBottom","8012816e","Data Label","Global","User Defined","1","0"
"highlightAreaRight","80128174","Data Label","Global","User Defined","1","0"
"highlightClipRectY2_B","80128176","Data Label","Global","User Defined","1","0"
"taiwaOverlayTile5_R","801281e8","Data Label","Global","User Defined","1","0"
"taiwaOverlayTile5_G","801281e9","Data Label","Global","User Defined","1","0"
"taiwaOverlayTile5_B","801281ea","Data Label","Global","User Defined","1","0"
"taiwaOverlayTile6_R","801281f0","Data Label","Global","User Defined","1","0"
"taiwaOverlayTile6_G","801281f1","Data Label","Global","User Defined","1","0"
"taiwaOverlayTile6_B","801281f2","Data Label","Global","User Defined","1","0"
"taiwaOverlayTile7_R","801281f8","Data Label","Global","User Defined","1","0"
"taiwaOverlayTile7_G","801281f9","Data Label","Global","User Defined","1","0"
"taiwaOverlayTile7_B","801281fa","Data Label","Global","User Defined","1","0"
"taiwaOverlayTile8_R","80128200","Data Label","Global","User Defined","1","0"
"taiwaOverlayTile8_G","80128201","Data Label","Global","User Defined","1","0"
"taiwaOverlayTile8_B","80128202","Data Label","Global","User Defined","1","0"
"activeDrawContext","8012c930","Data Label","Global","User Defined","85","0"
"initialStackPointer","8012c934","Data Label","Global","User Defined","2","0"
"TimImage","8012c940","Data Label","Global","User Defined","22","0"
"portraitSlotIndex","8012c958","Data Label","Global","User Defined","72","0"
"screenPageOffsetIndex","8012c95c","Data Label","Global","User Defined","101","0"
"currentDrawBufferIndex","8012c960","Data Label","Global","User Defined","6","0"
"lastVSyncTick1","8012c964","Data Label","Global","User Defined","2","0"
"lastVSyncTick2","8012c968","Data Label","Global","User Defined","1","0"
"portraitAnimationFrameCounter","8012c974","Data Label","Global","User Defined","23","0"
"taiwaGradientOverlayEnabled","8012c978","Data Label","Global","User Defined","6","0"
"sss","8012c97c","Data Label","Global","User Defined","2","0"
"currentDisplayBuffer","8012c988","Data Label","Global","User Defined","7","0"
"debugDisplayPageId","8012c990","Data Label","Global","User Defined","38","0"
"debugFlag","8012c994","Data Label","Global","User Defined","20","0"
"vibrationDeviceType","8012c998","Data Label","Global","User Defined","2","0"
"selectedDigitIndex","8012c99c","Data Label","Global","User Defined","18","0"
"frameCounterHigh","8012c9a4","Data Label","Global","User Defined","8","0"
"frameCounterLow","8012c9a6","Data Label","Global","User Defined","7","0"
"runtimeStateFlag","8012c9a8","Data Label","Global","User Defined","2","0"
"scriptFrameLoopCounter","8012c9aa","Data Label","Global","User Defined","5","0"
"frameCounter_1a","8012c9ac","Data Label","Global","User Defined","5","0"
"portraitXSpacing","8012c9ae","Data Label","Global","User Defined","32","0"
"portraitYSpacing","8012c9b0","Data Label","Global","User Defined","32","0"
"screenPageYOffset","8012c9b4","Data Label","Global","User Defined","18","0"
"debugTileBaseX","8012c9b6","Data Label","Global","User Defined","11","0"
"debugTileBaseY","8012c9b8","Data Label","Global","User Defined","11","0"
"portraitStartOffsetX","8012c9ba","Data Label","Global","User Defined","35","0"
"portraitStartOffsetY","8012c9bc","Data Label","Global","User Defined","33","0"
"portraitOffsetXData","8012c9be","Data Label","Global","User Defined","40","0"
"portraitOffsetYData","8012c9c0","Data Label","Global","User Defined","30","0"
"portraitDrawPosX","8012c9c2","Data Label","Global","User Defined","6","0"
"portraitDrawPosY","8012c9c4","Data Label","Global","User Defined","4","0"
"globalCursorPosX","8012c9c6","Data Label","Global","User Defined","3","0"
"globalCursorPosY","8012c9c8","Data Label","Global","User Defined","3","0"
"dateDrawPosX","8012c9ca","Data Label","Global","User Defined","89","0"
"dateDrawPosY","8012c9cc","Data Label","Global","User Defined","55","0"
"defaultTintRComponent","8012c9ce","Data Label","Global","User Defined","7","0"
"defaultTintGComponent","8012c9cf","Data Label","Global","User Defined","7","0"
"defaultTintBComponent","8012c9d0","Data Label","Global","User Defined","7","0"
"previousControllerInput","8012c9d4","Data Label","Global","User Defined","2","0"
"previousInputHighWord","8012c9d8","Data Label","Global","User Defined","2","0"
"inputRepeatDelay","8012c9dc","Data Label","Global","User Defined","6","0"
"inputRepeatDelay2P","8012c9de","Data Label","Global","User Defined","5","0"
"activeDigitValue","8012c9e0","Data Label","Global","User Defined","29","0"
"portraitRevealFlag","8012c9e2","Data Label","Global","User Defined","26","0"
"taiwaEffectMode","8012c9e4","Data Label","Global","User Defined","26","0"
"prevPortraitFadeState","8012c9e6","Data Label","Global","User Defined","5","0"
"portraitAnimMode","8012c9e8","Data Label","Global","User Defined","14","0"
"debugTextCursorOffset","8012c9f4","Data Label","Global","User Defined","695","0"
"runtimeRandomSeed","8012c9f8","Data Label","Global","User Defined","34","0"
"savedScriptState","8012ca02","Data Label","Global","User Defined","65","0"
"scriptCurrentState","8012ca04","Data Label","Global","User Defined","16","0"
"portraitSpeedSetting","8012ca08","Data Label","Global","User Defined","13","0"
"currentPortraitPaletteId","8012ca0a","Data Label","Global","User Defined","10","0"
"taiwaTagFrameCounter","8012ca0c","Data Label","Global","User Defined","6","0"
"vramRectX","8012ca10","Data Label","Global","User Defined","66","0"
"vramRectY","8012ca12","Data Label","Global","User Defined","26","0"
"vramRectW","8012ca14","Data Label","Global","User Defined","27","0"
"vramRectH","8012ca16","Data Label","Global","User Defined","25","0"
"clutUploadX","8012ca18","Data Label","Global","User Defined","46","0"
"clutUploadY","8012ca1a","Data Label","Global","User Defined","23","0"
"clutUploadW","8012ca1c","Data Label","Global","User Defined","23","0"
"clutUploadH","8012ca1e","Data Label","Global","User Defined","23","0"
"taiwaBarX","8012ca20","Data Label","Global","User Defined","26","0"
"taiwaBarY","8012ca22","Data Label","Global","User Defined","7","0"
"taiwaBarHeightOffset","8012ca24","Data Label","Global","User Defined","7","0"
"taiwaSubBar1Length","8012ca30","Data Label","Global","User Defined","21","0"
"taiwaSubBar2Length","8012ca38","Data Label","Global","User Defined","18","0"
"taiwaSubBar3Length","8012ca40","Data Label","Global","User Defined","20","0"
"tempPortraitScriptBuffer","8012ca70","Data Label","Global","User Defined","11","0"
"systemPortraitScriptTable","8012fa70","Data Label","Global","User Defined","4","0"
"rawScriptDataBuffer","80130000","Data Label","Global","User Defined","124","0"
"portraitBoxFillColor","80130070","Data Label","Global","User Defined","6","0"
"selectionClutTable","80130080","Data Label","Global","User Defined","8","0"
"activePortraitSlot","80130090","Data Label","Global","User Defined","33","0"
"validFunctionArgument","80130094","Data Label","Global","User Defined","32","0"
"currentFunctionOperand","80130098","Data Label","Global","User Defined","7","0"
"functionTableIndex","8013009c","Data Label","Global","User Defined","14","0"
"functionHighBitFlag","801300a0","Data Label","Global","User Defined","2","0"
"runtimeHashSeed","801300a4","Data Label","Global","User Defined","2","0"
"calculatedSaveChecksum","801300a8","Data Label","Global","User Defined","6","0"
"maxFunctionOperand","801300b0","Data Label","Global","User Defined","9","0"
"maxPortraitDrawModeValue","801300b4","Data Label","Global","User Defined","6","0"
"maxScriptId","801300b8","Data Label","Global","User Defined","3","0"
"fadeWaitCounter","801300bc","Data Label","Global","User Defined","17","0"
"fadeColorIndex","801300be","Data Label","Global","User Defined","14","0"
"taiwaFadeState","801300c0","Data Label","Global","User Defined","9","0"
"taiwaBarAnimFrame","801300c4","Data Label","Global","User Defined","8","0"
"saveSlotYOffsets","801300c6","Data Label","Global","User Defined","23","0"
"demoFrameControlFlag","801300ca","Data Label","Global","User Defined","6","0"
"demoPlaybackState","801300cc","Data Label","Global","User Defined","8","0"
"demoInputCount","801300ce","Data Label","Global","User Defined","15","0"
"demoCountdown","801300d0","Data Label","Global","User Defined","8","0"
"demoInputBuffer","801300e0","Data Label","Global","User Defined","8","0"
"demoInputMetaBuffer","801300e2","Data Label","Global","User Defined","5","0"
"scriptTimingFrameCount","801308e0","Data Label","Global","User Defined","55","0"
"taiwaGlobalFadeAlpha","801308e2","Data Label","Global","User Defined","28","0"
"menuEffectCounter1","801308e4","Data Label","Global","User Defined","72","0"
"gpuEventActive","801308e6","Data Label","Global","User Defined","15","0"
"gpuEventPollCounter","801308e8","Data Label","Global","User Defined","4","0"
"taiwaUiFadeStep","801308ea","Data Label","Global","User Defined","38","0"
"taiwaPageLayoutId","801308ec","Data Label","Global","User Defined","20","0"
"currentMenuRequest","801308ee","Data Label","Global","User Defined","10","0"
"portraitRevealOverrideFlag","801308f0","Data Label","Global","User Defined","21","0"
"selectionCursorX","801308f2","Data Label","Global","User Defined","70","0"
"saveBaseIndex","801308f8","Data Label","Global","User Defined","26","0"
"menuEffectCounter2","801308fc","Data Label","Global","User Defined","83","0"
"saveSlotStatus","80130900","Data Label","Global","User Defined","10","0"
"cursorEaseFrame","8013093c","Data Label","Global","User Defined","5","0"
"debugMemoryCardSaveHeaderCount","80130940","Data Label","Global","User Defined","7","0"
"debugMemoryCardSaveBlockCount","80130942","Data Label","Global","User Defined","5","0"
"saveNameCount","80130944","Data Label","Global","User Defined","20","0"
"cdGpuEventState","80130948","Data Label","Global","User Defined","18","0"
"lastGpuEventCode","8013094c","Data Label","Global","User Defined","3","0"
"saveNameTempBuffer","80130960","Data Label","Global","User Defined","6","0"
"saveNameMagic1","80130964","Data Label","Global","User Defined","1","0"
"saveNameMagic2","80130968","Data Label","Global","User Defined","1","0"
"saveNameMagic3","8013096c","Data Label","Global","User Defined","1","0"
"saveIndexString","80130970","Data Label","Global","User Defined","1","2"
"gpuDrawSyncEventId","80130ae8","Data Label","Global","User Defined","6","0"
"gpuDmaEventId","80130aec","Data Label","Global","User Defined","6","0"
"gpuVsyncEventId","80130af0","Data Label","Global","User Defined","6","0"
"gpuMiscEventId","80130af4","Data Label","Global","User Defined","6","0"
"cdromEventCommandCompleteId","80130af8","Data Label","Global","User Defined","4","0"
"cdromEventDmaId","80130afc","Data Label","Global","User Defined","4","0"
"cdromEventVsyncId","80130b00","Data Label","Global","User Defined","4","0"
"cdromEventMiscId","80130b04","Data Label","Global","User Defined","4","0"
"memcardDataPtr0","80130b08","Data Label","Global","User Defined","7","0"
"memcardDataPtr1","80130b0c","Data Label","Global","User Defined","7","0"
"previousMemcardByte0","80130b10","Data Label","Global","User Defined","6","0"
"previousMemcardByte1","80130b11","Data Label","Global","User Defined","6","0"
"taiwaAltRenderMode","80130b80","Data Label","Global","User Defined","14","0"
"selectionAlphaTable","80130b9a","Data Label","Global","User Defined","5","0"
"selectionColorTable","80130b9c","Data Label","Global","User Defined","6","0"
"newsModeActive","80130cb0","Data Label","Global","User Defined","12","0"
"newsDisplayMode","80130cb2","Data Label","Global","User Defined","12","0"
"selectionActive","80130cb4","Data Label","Global","User Defined","23","0"
"selectionCountTotal","80130cb6","Data Label","Global","User Defined","5","0"
"currentSelectionIndex","80130cb8","Data Label","Global","User Defined","12","0"
"selectionScrollOffset","80130cba","Data Label","Global","User Defined","16","0"
"selectionBoxX","80130cbc","Data Label","Global","User Defined","3","0"
"selectionCursorY","80130cbe","Data Label","Global","User Defined","2","0"
"selectionBoxWidth","80130cc0","Data Label","Global","User Defined","20","0"
"selectionBoxY","80130cc2","Data Label","Global","User Defined","2","0"
"currentPortraitSelectionIndex","80130cd2","Data Label","Global","User Defined","12","0"
"totalPortraitEntryCount","80130cd4","Data Label","Global","User Defined","7","0"
"portraitBoxRenderMode","80130cd6","Data Label","Global","User Defined","5","0"
"portraitVariantMode","80130cd8","Data Label","Global","User Defined","26","0"
"lastConfirmedPortraitId","80130cde","Data Label","Global","User Defined","2","0"
"highlightSubRowDrawFlag","80130ce0","Data Label","Global","User Defined","7","0"
"controllerInputGroupTarget","80130ce4","Data Label","Global","User Defined","12","0"
"inputGroupOffsetFrames","80130ce8","Data Label","Global","User Defined","9","0"
"debugPageId","80130cea","Data Label","Global","User Defined","19","0"
"controllerInputGroup","80130cec","Data Label","Global","User Defined","11","0"
"scriptVariableOffset","80130cf0","Data Label","Global","User Defined","8","0"
"taiwaTextFadeState","80130cf8","Data Label","Global","User Defined","10","0"
"saveLoadSuccessFlag","80130d08","Data Label","Global","User Defined","9","0"
"scriptFlag","80130d10","Data Label","Global","User Defined","16","0"
"scriptShowFlag","80130d12","Data Label","Global","User Defined","9","0"
"scriptFileId","80130d14","Data Label","Global","User Defined","10","0"
"loadedChapterImageId","80130d18","Data Label","Global","User Defined","6","1"
"currentKanjiSet","80130d1a","Data Label","Global","User Defined","11","0"
"savedPortraitSlotIndex","80130d1c","Data Label","Global","User Defined","2","0"
"currentTaiwaSelectionId","80130d1e","Data Label","Global","User Defined","5","0"
"portraitUVParamTable","80130d20","Data Label","Global","User Defined","68","1"
"portraitTextureFlags","80130d22","Data Label","Global","User Defined","18","0"
"tpageModeTable","80130d24","Data Label","Global","User Defined","18","0"
"portraitFileIdTable","80130d26","Data Label","Global","User Defined","5","0"
"portraitPosXTable","80130d28","Data Label","Global","User Defined","40","0"
"portraitPosYTable","80130d2a","Data Label","Global","User Defined","25","0"
"portraitSlotDrawXTable","80130d2c","Data Label","Global","User Defined","4","0"
"portraitDrawModeTable","80130d2e","Data Label","Global","User Defined","9","0"
"portraitSlotDrawXShadowTable","80130d30","Data Label","Global","User Defined","2","0"
"portraitSlotDrawModeShadowTable","80130d32","Data Label","Global","User Defined","4","0"
"frameColorValue1","80130d34","Data Label","Global","User Defined","80","0"
"frameColorValue2","80130d35","Data Label","Global","User Defined","61","0"
"frameColorValue3","80130d36","Data Label","Global","User Defined","65","0"
"taiwaFrameEffectState","80130d38","Data Label","Global","User Defined","9","0"
"type2","80130d3a","Data Label","Global","User Defined","4","0"
"tpageParam2","80130d3c","Data Label","Global","User Defined","3","0"
"taiwaFrameTimer1","80130d40","Data Label","Global","User Defined","3","0"
"taiwaFrameTimer2","80130d42","Data Label","Global","User Defined","1","0"
"frameColorValue4","80130d4c","Data Label","Global","User Defined","8","0"
"frameColorValue5","80130d4d","Data Label","Global","User Defined","8","0"
"frameColorValue6","80130d4e","Data Label","Global","User Defined","8","0"
"portraitSlotActiveFlags","80130d50","Data Label","Global","User Defined","29","1"
"messageBoxState","80130d52","Data Label","Global","User Defined","7","0"
"portraitSlotBoxX","80130d54","Data Label","Global","User Defined","5","0"
"portraitSlotBoxY","80130d56","Data Label","Global","User Defined","5","0"
"portraitSlotPosY","80130d58","Data Label","Global","User Defined","11","0"
"portraitSlotPosX","80130d5a","Data Label","Global","User Defined","10","0"
"portraitSlotDrawEnabled","80130d5c","Data Label","Global","User Defined","14","0"
"portraitSlotGridXIndex","80130d62","Data Label","Global","User Defined","6","0"
"portraitGridEaseTimer","80130d64","Data Label","Global","User Defined","4","0"
"messageBoxOpenDelay","80130d66","Data Label","Global","User Defined","5","0"
"portraitSlotFadeTimer","80130d68","Data Label","Global","User Defined","9","0"
"portraitSlotFadeSpeed","80130d6a","Data Label","Global","User Defined","6","0"
"portraitSlotSemiTransFlags","80130d6c","Data Label","Global","User Defined","5","0"
"portraitSlotSemiTransF","80130d6e","Data Label","Global","User Defined","3","0"
"portraitSlotFlipFlag","80130d70","Data Label","Global","User Defined","2","0"
"portraitSlotPalettePreset","80130d72","Data Label","Global","User Defined","3","0"
"portraitSlotDefaultTintR","80130d74","Data Label","Global","User Defined","3","0"
"portraitSlotDefaultTintG","80130d75","Data Label","Global","User Defined","3","0"
"portraitSlotDefaultTintB","80130d76","Data Label","Global","User Defined","3","0"
"portraitSlotColorR","80130d78","Data Label","Global","User Defined","7","0"
"portraitSlotColorG","80130d79","Data Label","Global","User Defined","7","0"
"portraitSlotColorB","80130d7a","Data Label","Global","User Defined","7","0"
"portraitSlotTileHeight","80130d7e","Data Label","Global","User Defined","4","0"
"portraitSlotTileYOffset","80130d80","Data Label","Global","User Defined","4","0"
"messageBoxAltMode1","80130d8e","Data Label","Global","User Defined","5","0"
"portraitSlot1Index","80130d94","Data Label","Global","User Defined","16","0"
"portraitFadeTimer1","80130da0","Data Label","Global","User Defined","2","0"
"portraitGridScrollOffsetY","80130da6","Data Label","Global","User Defined","1","0"
"portraitGridScrollOffsetX","80130da8","Data Label","Global","User Defined","1","0"
"messageBoxAltMode2","80130dd2","Data Label","Global","User Defined","3","0"
"portraitSlot2Index","80130dd8","Data Label","Global","User Defined","14","0"
"portraitFadeTimer2","80130de4","Data Label","Global","User Defined","1","0"
"portraitScrollOffset","80130dea","Data Label","Global","User Defined","1","0"
"portraitFadeStepCounter","80130dec","Data Label","Global","User Defined","1","0"
"messageBoxAltMode3","80130e16","Data Label","Global","User Defined","3","0"
"portraitPrimListOffset","80130e1c","Data Label","Global","User Defined","15","0"
"portraithasImage","80130e20","Data Label","Global","User Defined","19","0"
"portraitClut","80130e24","Data Label","Global","User Defined","15","0"
"faceUVParamPtr","80130e28","Data Label","Global","User Defined","15","0"
"portraitPrimitivePtr","80130e2c","Data Label","Global","User Defined","6","0"
"portraitAnimFrameCounter","80130e30","Data Label","Global","User Defined","39","0"
"portraitAnimYOffset","80130e34","Data Label","Global","User Defined","5","0"
"portraitEffectColorCurrentValue","80130e36","Data Label","Global","User Defined","43","0"
"taiwaOverlayBrightness","80130e37","Data Label","Global","User Defined","3","0"
"movieFlashEffectType","80130e38","Data Label","Global","User Defined","4","0"
"movieFlashObjectId1","80130e3c","Data Label","Global","User Defined","4","1"
"movieFlashEffectType2","80130e40","Data Label","Global","User Defined","3","1"
"movieFlashObjectId2","80130e44","Data Label","Global","User Defined","3","1"
"movieFlashEffectType3","80130e48","Data Label","Global","User Defined","3","2"
"movieFlashObjectId3","80130e4c","Data Label","Global","User Defined","3","2"
"portraitSlotEnabled","80130e50","Data Label","Global","User Defined","96","0"
"portraitSlotStartX","80130e52","Data Label","Global","User Defined","1","0"
"portraitSlotStartY","80130e54","Data Label","Global","User Defined","4","0"
"portraitSlotToActor","80130e56","Data Label","Global","User Defined","49","0"
"portraitBankIndex","80130e58","Data Label","Global","User Defined","3","0"
"portraitSlotX","80130e5a","Data Label","Global","User Defined","16","0"
"portraitSlotY","80130e5c","Data Label","Global","User Defined","23","0"
"portraitSlotPaletteId","80130e5e","Data Label","Global","User Defined","6","0"
"portraitFrameIdTable","80130e60","Data Label","Global","User Defined","6","0"
"portraitAnimationState","80130e61","Data Label","Global","User Defined","6","0"
"portraitSlotTintR","80130e62","Data Label","Global","User Defined","5","0"
"portraitSlotTintG","80130e63","Data Label","Global","User Defined","5","0"
"portraitInitialFrameIdTable","80130e64","Data Label","Global","User Defined","5","0"
"highlightSlotEnabled","80132ab0","Data Label","Global","User Defined","9","0"
"highlightPrimStartTile","80132ab2","Data Label","Global","User Defined","8","0"
"taiwaHighlightGridWidth","80132ab4","Data Label","Global","User Defined","11","0"
"taiwaHighlightGridHeight","80132ab6","Data Label","Global","User Defined","11","0"
"debugDrawParam0","80132ab8","Data Label","Global","User Defined","1","0"
"debugDrawParam1","80132aba","Data Label","Global","User Defined","1","0"
"highlightSlotOffsetX","80132abc","Data Label","Global","User Defined","5","0"
"highlightSlotOffsetY","80132abe","Data Label","Global","User Defined","5","0"
"highlightClut","80132ac0","Data Label","Global","User Defined","45","0"
"highlightTransparency","80132ac2","Data Label","Global","User Defined","47","0"
"debugSlotFlags","80132ac3","Data Label","Global","User Defined","2","0"
"debugLayoutPageIndex","80132b00","Data Label","Global","User Defined","22","0"
"debugFadeSlot","80132b0c","Data Label","Global","User Defined","3","0"
"_DAT_80132b0e","80132b0e","Data Label","Global","User Defined","3","0"
"cursorTimer","80132bd4","Data Label","Global","User Defined","12","0"
"debugFocusSlotIndex","80132bdc","Data Label","Global","User Defined","15","0"
"newsFadeSlot1","80132c2c","Data Label","Global","User Defined","16","0"
"newsFadeSlot2","80132c40","Data Label","Global","User Defined","16","0"
"debugRowOffsetA","80132cb8","Data Label","Global","User Defined","19","0"
"debugRowOffsetB","80132ccc","Data Label","Global","User Defined","17","0"
"highlightWidth_1c","80132cd8","Data Label","Global","User Defined","1","0"
"highlightXOffset_1c","80132cda","Data Label","Global","User Defined","1","0"
"debugScrollTimer","80132ce0","Data Label","Global","User Defined","17","0"
"highlightWidth_1b","80132cec","Data Label","Global","User Defined","1","0"
"highlightXOffset_1b","80132cee","Data Label","Global","User Defined","1","0"
"portraitBoxLeft","80132db6","Data Label","Global","User Defined","3","0"
"portraitBoxRight","80132dde","Data Label","Global","User Defined","3","0"
"saveSlotDrawPrimIndex","80132de6","Data Label","Global","User Defined","1","0"
"saveSlotDrawClut","80132df4","Data Label","Global","User Defined","1","0"
"highlightCursorX","80132f08","Data Label","Global","User Defined","1","0"
"highlightCursorY","80132f0a","Data Label","Global","User Defined","1","0"
"slotCountData","801331a4","Data Label","Global","User Defined","1","0"
"debugDrawPrimitiveIndex","801331b8","Data Label","Global","User Defined","11","0"
"activePortraitEntryPtr","801331bc","Data Label","Global","User Defined","1","0"
"saveNameList","801331c0","Data Label","Global","User Defined","3","0"
"rawProgdataFileBuffer","80138000","Data Label","Global","User Defined","209","0"
"usingCompressedFiles","80138001","Data Label","Global","User Defined","56","0"
"ampackUnpackedBuffer","80160000","Data Label","Global","User Defined","0","0"
"decompressedOutputBuffer","80168000","Data Label","Global","User Defined","112","0"
"graphicTileOffsetLUT","80168008","Data Label","Global","User Defined","2","0"
"graphicDataBuffer","80168014","Data Label","Global","User Defined","1","0"
"commandInCache2","8017e800","Data Label","Global","User Defined","7","3"
"cache3Status","8017e804","Data Label","Global","User Defined","10","0"
"portraitCacheSlot2Group","8017e806","Data Label","Global","User Defined","3","0"
"portraitCacheSlot2File","8017e808","Data Label","Global","User Defined","3","0"
"cacheBuffer2","8017e820","Data Label","Global","User Defined","5","0"
"commandInCache0","8018f000","Data Label","Global","User Defined","7","3"
"cache2Status","8018f004","Data Label","Global","User Defined","10","0"
"cacheBuffer0","8018f020","Data Label","Global","User Defined","5","0"
"commandInCache1","8019f800","Data Label","Global","User Defined","7","3"
"cache1Status","8019f804","Data Label","Global","User Defined","11","0"
"portraitCacheSlot0Group","8019f806","Data Label","Global","User Defined","4","0"
"portraitCacheSlot0File","8019f808","Data Label","Global","User Defined","4","0"
"cacheBuffer1","8019f820","Data Label","Global","User Defined","8","1"
"fepList","801b0000","Data Label","Global","User Defined","15","0"
"portraitClut0","801b0164","Data Label","Global","User Defined","11","0"
"portraitSlot1AssetPtr","801c0800","Data Label","Global","User Defined","8","0"
"portraitClut1","801c0964","Data Label","Global","User Defined","11","0"
"portraitSlot2AssetPtr","801d1000","Data Label","Global","User Defined","8","0"
"portraitClut2","801d1164","Data Label","Global","User Defined","11","0"
"addressBookGraphicBuffer","801e1800","Data Label","Global","User Defined","6","0"
